type,s,x,y,z,yaw,slope,curvature,segment_id,lon,lat
origin,,,,,,,,,113.9532,22.53
point,0.000,0.000,0.000,120.000,0.57635717,0.28507758,0.00000000,0,113.953200000,22.530000000
point,1.000,0.806,0.524,120.274,0.57635717,0.28507758,0.00000000,1,113.953207842,22.530004708
point,2.000,1.613,1.048,120.548,0.57635717,0.28507758,0.00000000,2,113.953215684,22.530009416
point,3.000,2.419,1.572,120.822,0.57635717,0.28507758,0.00000000,3,113.953223526,22.530014124
point,4.000,3.225,2.096,121.097,0.57635717,0.28507758,0.00000000,4,113.953231368,22.530018832
point,5.000,4.032,2.620,121.371,0.57635717,0.28507758,0.00000000,5,113.953239209,22.530023540
point,6.000,4.838,3.145,121.645,0.57635717,0.28507758,0.00000000,6,113.953247051,22.530028248
point,7.000,5.644,3.669,121.919,0.57635717,0.28507758,0.00000000,7,113.953254893,22.530032956
point,8.000,6.451,4.193,122.193,0.57635717,0.28507758,0.00000000,8,113.953262735,22.530037664
point,9.000,7.257,4.717,122.467,0.57635717,0.28507758,0.00000000,9,113.953270577,22.530042372
point,10.000,8.063,5.241,122.742,0.57635717,0.28507758,0.00000000,10,113.953278419,22.530047080
point,11.000,8.870,5.765,123.016,0.57635717,0.28507758,0.00000000,11,113.953286261,22.530051788
point,12.000,9.676,6.289,123.290,0.57635717,0.28507758,0.00000000,12,113.953294103,22.530056496
point,13.000,10.482,6.813,123.564,0.57635717,0.28507758,0.00000000,13,113.953301944,22.530061204
point,14.000,11.289,7.337,123.838,0.57635717,0.28507758,0.00000000,14,113.953309786,22.530065912
point,15.000,12.095,7.861,124.112,0.57635717,0.28507758,0.00000000,15,113.953317628,22.530070620
point,16.000,12.901,8.385,124.386,0.57635717,0.28507758,0.00000000,16,113.953325470,22.530075328
point,17.000,13.708,8.910,124.661,0.57635717,0.28507758,0.00000000,17,113.953333312,22.530080036
point,18.000,14.514,9.434,124.935,0.57635717,0.28507758,0.00000000,18,113.953341154,22.530084744
point,19.000,15.320,9.958,125.209,0.57635717,0.28507758,0.00000000,19,113.953348996,22.530089452
point,20.000,16.127,10.482,125.483,0.57635717,0.28507758,0.00000000,20,113.953356838,22.530094160
point,21.000,16.933,11.006,125.757,0.57635717,0.28507758,0.00000000,21,113.953364679,22.530098868
point,22.000,17.739,11.530,126.031,0.57635717,0.28507758,0.00000000,22,113.953372521,22.530103576
point,23.000,18.546,12.054,126.306,0.57635717,0.28507758,0.00000000,23,113.953380363,22.530108284
point,24.000,19.352,12.578,126.580,0.57654206,0.26485615,0.00018404,24,113.953388205,22.530112992
point,25.000,20.166,13.108,126.817,0.57690002,0.22570680,0.00017400,25,113.953396118,22.530117747
point,26.000,20.986,13.642,127.020,0.57707325,0.20676058,0.00000000,26,113.953404100,22.530122546
point,27.000,21.807,14.176,127.222,0.57707325,0.20676058,0.00000000,27,113.953412081,22.530127346
point,28.000,22.628,14.710,127.425,0.57707325,0.20676058,0.00000000,28,113.953420063,22.530132145
point,29.000,23.448,15.245,127.627,0.57707325,0.20676058,0.00000000,29,113.953428045,22.530136945
point,30.000,24.269,15.779,127.830,0.57707325,0.20676058,0.00000000,30,113.953436027,22.530141744
point,31.000,25.090,16.313,128.032,0.57707325,0.20676058,0.00000000,31,113.953444008,22.530146543
point,32.000,25.910,16.847,128.235,0.57707325,0.20676058,0.00000000,32,113.953451990,22.530151343
point,33.000,26.731,17.382,128.437,0.57707325,0.20676058,0.00000000,33,113.953459972,22.530156142
point,34.000,27.552,17.916,128.640,0.57707325,0.20676058,0.00000000,34,113.953467953,22.530160942
point,35.000,28.373,18.450,128.842,0.57707325,0.20676058,0.00000000,35,113.953475935,22.530165741
point,36.000,29.193,18.985,129.045,0.57707325,0.20676058,0.00000000,36,113.953483917,22.530170541
point,37.000,30.014,19.519,129.247,0.57707325,0.20676058,0.00000000,37,113.953491898,22.530175340
point,38.000,30.835,20.053,129.450,0.57707325,0.20676058,0.00000000,38,113.953499880,22.530180140
point,39.000,31.655,20.587,129.652,0.57707325,0.20676058,0.00000000,39,113.953507862,22.530184939
point,40.000,32.476,21.122,129.855,0.57707325,0.20676058,0.00000000,40,113.953515843,22.530189739
point,41.000,33.297,21.656,130.057,0.57707325,0.20676058,0.00000000,41,113.953523825,22.530194538
point,42.000,34.118,22.190,130.259,0.57707325,0.20676058,0.00000000,42,113.953531807,22.530199337
point,43.000,34.938,22.724,130.462,0.57707325,0.20676058,0.00000000,43,113.953539789,22.530204137
point,44.000,35.759,23.259,130.664,0.57707325,0.20676058,0.00000000,44,113.953547770,22.530208936
point,45.000,36.580,23.793,130.867,0.57707325,0.20676058,0.00000000,45,113.953555752,22.530213736
point,46.000,37.400,24.327,131.069,0.57707325,0.20676058,0.00000000,46,113.953563734,22.530218535
point,47.000,38.221,24.862,131.272,0.57707325,0.20676058,0.00000000,47,113.953571715,22.530223335
point,48.000,39.042,25.396,131.474,0.57749111,0.17303901,0.00041582,48,113.953579697,22.530228134
point,49.000,39.870,25.936,131.612,0.57819243,0.11644025,0.00028657,49,113.953587753,22.530232987
point,50.000,40.704,26.480,131.705,0.57847803,0.09339196,0.00000000,50,113.953595861,22.530237877
point,51.000,41.537,27.025,131.798,0.57847803,0.09339196,0.00000000,51,113.953603968,22.530242768
point,52.000,42.371,27.569,131.891,0.57847803,0.09339196,0.00000000,52,113.953612076,22.530247658
point,53.000,43.205,28.114,131.984,0.57847803,0.09339196,0.00000000,53,113.953620184,22.530252548
point,54.000,44.038,28.658,132.077,0.57847803,0.09339196,0.00000000,54,113.953628292,22.530257438
point,55.000,44.872,29.202,132.170,0.57847803,0.09339196,0.00000000,55,113.953636399,22.530262329
point,56.000,45.706,29.747,132.263,0.57847803,0.09339196,0.00000000,56,113.953644507,22.530267219
point,57.000,46.539,30.291,132.356,0.57847803,0.09339196,0.00000000,57,113.953652615,22.530272109
point,58.000,47.373,30.835,132.449,0.57847803,0.09339196,0.00000000,58,113.953660723,22.530276999
point,59.000,48.207,31.380,132.542,0.57847803,0.09339196,0.00000000,59,113.953668831,22.530281890
point,60.000,49.040,31.924,132.635,0.57847803,0.09339196,0.00000000,60,113.953676938,22.530286780
point,61.000,49.874,32.469,132.728,0.57847803,0.09339196,0.00000000,61,113.953685046,22.530291670
point,62.000,50.708,33.013,132.821,0.57847803,0.09339196,0.00000000,62,113.953693154,22.530296560
point,63.000,51.541,33.557,132.914,0.57847803,0.09339196,0.00000000,63,113.953701262,22.530301451
point,64.000,52.375,34.102,133.007,0.57847803,0.09339196,0.00000000,64,113.953709369,22.530306341
point,65.000,53.209,34.646,133.100,0.57847803,0.09339196,0.00000000,65,113.953717477,22.530311231
point,66.000,54.042,35.190,133.193,0.57847803,0.09339196,0.00000000,66,113.953725585,22.530316121
point,67.000,54.876,35.735,133.286,0.57847803,0.09339196,0.00000000,67,113.953733693,22.530321012
point,68.000,55.710,36.279,133.379,0.57847803,0.09339196,0.00000000,68,113.953741801,22.530325902
point,69.000,56.543,36.824,133.472,0.57847803,0.09339196,0.00000000,69,113.953749908,22.530330792
point,70.000,57.377,37.368,133.565,0.57847803,0.09339196,0.00000000,70,113.953758016,22.530335683
point,71.000,58.211,37.912,133.658,0.57879532,0.07994117,0.00031708,71,113.953766124,22.530340573
point,72.000,59.045,38.458,133.724,0.57981459,0.03673197,0.00070136,72,113.953774239,22.530345474
point,73.000,59.881,39.006,133.732,0.58051490,0.00704399,0.00000000,73,113.953782371,22.530350401
point,74.000,60.718,39.555,133.739,0.58051490,0.00704399,0.00000000,74,113.953790503,22.530355328
point,75.000,61.554,40.103,133.746,0.58051490,0.00704399,0.00000000,75,113.953798635,22.530360255
point,76.000,62.390,40.652,133.753,0.58051490,0.00704399,0.00000000,76,113.953806767,22.530365181
point,77.000,63.226,41.200,133.760,0.58051490,0.00704399,0.00000000,77,113.953814899,22.530370108
point,78.000,64.062,41.749,133.767,0.58051490,0.00704399,0.00000000,78,113.953823031,22.530375035
point,79.000,64.898,42.297,133.774,0.58051490,0.00704399,0.00000000,79,113.953831163,22.530379961
point,80.000,65.734,42.846,133.781,0.58051490,0.00704399,0.00000000,80,113.953839295,22.530384888
point,81.000,66.571,43.394,133.788,0.58051490,0.00704399,0.00000000,81,113.953847427,22.530389815
point,82.000,67.407,43.942,133.795,0.58051490,0.00704399,0.00000000,82,113.953855559,22.530394742
point,83.000,68.243,44.491,133.802,0.58051490,0.00704399,0.00000000,83,113.953863691,22.530399668
point,84.000,69.079,45.039,133.809,0.58051490,0.00704399,0.00000000,84,113.953871823,22.530404595
point,85.000,69.915,45.588,133.816,0.58051490,0.00704399,0.00000000,85,113.953879955,22.530409522
point,86.000,70.751,46.136,133.823,0.58051490,0.00704399,0.00000000,86,113.953888087,22.530414449
point,87.000,71.588,46.685,133.830,0.58051490,0.00704399,0.00000000,87,113.953896219,22.530419375
point,88.000,72.424,47.233,133.837,0.58051490,0.00704399,0.00000000,88,113.953904351,22.530424302
point,89.000,73.260,47.782,133.844,0.58051490,0.00704399,0.00000000,89,113.953912483,22.530429229
point,90.000,74.096,48.330,133.851,0.58051490,0.00704399,0.00000000,90,113.953920615,22.530434156
point,91.000,74.932,48.878,133.858,0.58051490,0.00704399,0.00000000,91,113.953928747,22.530439082
point,92.000,75.768,49.427,133.865,0.58051490,0.00704399,0.00000000,92,113.953936879,22.530444009
point,93.000,76.605,49.975,133.872,0.58051490,0.00704399,0.00000000,93,113.953945011,22.530448936
point,94.000,77.441,50.524,133.879,0.58115908,0.00354222,0.00064417,94,113.953953143,22.530453862
point,95.000,78.276,51.073,133.879,0.58244884,-0.00346900,0.00064559,95,113.953961269,22.530458799
point,96.000,79.111,51.624,133.873,0.58309443,-0.00697846,0.00000000,96,113.953969387,22.530463745
point,97.000,79.946,52.174,133.866,0.58309443,-0.00697846,0.00000000,97,113.953977505,22.530468691
point,98.000,80.780,52.725,133.859,0.58309443,-0.00697846,0.00000000,98,113.953985623,22.530473637
point,99.000,81.615,53.276,133.852,0.58309443,-0.00697846,0.00000000,99,113.953993742,22.530478583
point,100.000,82.450,53.826,133.845,0.58309443,-0.00697846,0.00000000,100,113.954001860,22.530483529
point,101.000,83.285,54.377,133.838,0.58309443,-0.00697846,0.00000000,101,113.954009978,22.530488475
point,102.000,84.119,54.927,133.831,0.58309443,-0.00697846,0.00000000,102,113.954018096,22.530493421
point,103.000,84.954,55.478,133.824,0.58309443,-0.00697846,0.00000000,103,113.954026215,22.530498368
point,104.000,85.789,56.029,133.817,0.58309443,-0.00697846,0.00000000,104,113.954034333,22.530503314
point,105.000,86.624,56.579,133.810,0.58309443,-0.00697846,0.00000000,105,113.954042451,22.530508260
point,106.000,87.458,57.130,133.803,0.58309443,-0.00697846,0.00000000,106,113.954050569,22.530513206
point,107.000,88.293,57.680,133.796,0.58309443,-0.00697846,0.00000000,107,113.954058687,22.530518152
point,108.000,89.128,58.231,133.789,0.58309443,-0.00697846,0.00000000,108,113.954066806,22.530523098
point,109.000,89.963,58.782,133.782,0.58309443,-0.00697846,0.00000000,109,113.954074924,22.530528044
point,110.000,90.797,59.332,133.775,0.58309443,-0.00697846,0.00000000,110,113.954083042,22.530532990
point,111.000,91.632,59.883,133.768,0.58309443,-0.00697846,0.00000000,111,113.954091160,22.530537936
point,112.000,92.467,60.433,133.761,0.58309443,-0.00697846,0.00000000,112,113.954099279,22.530542882
point,113.000,93.302,60.984,133.754,0.58309443,-0.00697846,0.00000000,113,113.954107397,22.530547828
point,114.000,94.136,61.535,133.747,0.58309443,-0.00697846,0.00000000,114,113.954115515,22.530552775
point,115.000,94.971,62.085,133.740,0.58309443,-0.00697846,0.00000000,115,113.954123633,22.530557721
point,116.000,95.806,62.636,133.733,0.58333818,-0.00210362,0.00024378,116,113.954131752,22.530562667
point,117.000,96.640,63.187,133.736,0.58483472,0.02782522,0.00125344,117,113.954139865,22.530567615
point,118.000,97.472,63.739,133.789,0.58608888,0.05290689,0.00000000,118,113.954147957,22.530572577
point,119.000,98.304,64.291,133.841,0.58608888,0.05290689,0.00000000,119,113.954156048,22.530577539
point,120.000,99.136,64.844,133.894,0.58608888,0.05290689,0.00000000,120,113.954164139,22.530582500
point,121.000,99.968,65.396,133.947,0.58608888,0.05290689,0.00000000,121,113.954172230,22.530587462
point,122.000,100.800,65.948,134.000,0.58608888,0.05290689,0.00000000,122,113.954180321,22.530592424
point,123.000,101.632,66.501,134.053,0.58608888,0.05290689,0.00000000,123,113.954188412,22.530597386
point,124.000,102.464,67.053,134.106,0.58608888,0.05290689,0.00000000,124,113.954196503,22.530602347
point,125.000,103.296,67.605,134.158,0.58608888,0.05290689,0.00000000,125,113.954204594,22.530607309
point,126.000,104.128,68.158,134.211,0.58608888,0.05290689,0.00000000,126,113.954212685,22.530612271
point,127.000,104.960,68.710,134.264,0.58608888,0.05290689,0.00000000,127,113.954220776,22.530617232
point,128.000,105.791,69.262,134.317,0.58608888,0.05290689,0.00000000,128,113.954228867,22.530622194
point,129.000,106.623,69.815,134.370,0.58608888,0.05290689,0.00000000,129,113.954236958,22.530627156
point,130.000,107.455,70.367,134.423,0.58608888,0.05290689,0.00000000,130,113.954245049,22.530632118
point,131.000,108.287,70.919,134.475,0.58608888,0.05290689,0.00000000,131,113.954253140,22.530637079
point,132.000,109.119,71.472,134.528,0.58608888,0.05290689,0.00000000,132,113.954261231,22.530642041
point,133.000,109.951,72.024,134.581,0.58608888,0.05290689,0.00000000,133,113.954269322,22.530647003
point,134.000,110.783,72.576,134.634,0.58608888,0.05290689,0.00000000,134,113.954277413,22.530651964
point,135.000,111.615,73.129,134.687,0.58608888,0.05290689,0.00000000,135,113.954285504,22.530656926
point,136.000,112.447,73.681,134.740,0.58608888,0.05290689,0.00000000,136,113.954293596,22.530661888
point,137.000,113.279,74.233,134.792,0.58608888,0.05290689,0.00000000,137,113.954301687,22.530666849
point,138.000,114.111,74.786,134.845,0.58668009,0.06915881,0.00059214,138,113.954309778,22.530671811
point,139.000,114.940,75.337,134.930,0.58829640,0.11359005,0.00102602,139,113.954317837,22.530676766
point,140.000,115.763,75.888,135.071,0.58932521,0.14187102,0.00000000,140,113.954325842,22.530681709
point,141.000,116.586,76.438,135.211,0.58932521,0.14187102,0.00000000,141,113.954333846,22.530686653
point,142.000,117.409,76.988,135.352,0.58932521,0.14187102,0.00000000,142,113.954341851,22.530691596
point,143.000,118.232,77.538,135.492,0.58932521,0.14187102,0.00000000,143,113.954349856,22.530696539
point,144.000,119.055,78.089,135.633,0.58932521,0.14187102,0.00000000,144,113.954357861,22.530701483
point,145.000,119.878,78.639,135.773,0.58932521,0.14187102,0.00000000,145,113.954365866,22.530706426
point,146.000,120.701,79.189,135.914,0.58932521,0.14187102,0.00000000,146,113.954373870,22.530711369
point,147.000,121.524,79.740,136.054,0.58932521,0.14187102,0.00000000,147,113.954381875,22.530716313
point,148.000,122.347,80.290,136.194,0.58932521,0.14187102,0.00000000,148,113.954389880,22.530721256
point,149.000,123.170,80.840,136.335,0.58932521,0.14187102,0.00000000,149,113.954397885,22.530726199
point,150.000,123.993,81.390,136.475,0.58932521,0.14187102,0.00000000,150,113.954405889,22.530731143
point,151.000,124.816,81.941,136.616,0.58932521,0.14187102,0.00000000,151,113.954413894,22.530736086
point,152.000,125.640,82.491,136.756,0.58932521,0.14187102,0.00000000,152,113.954421899,22.530741029
point,153.000,126.463,83.041,136.897,0.58932521,0.14187102,0.00000000,153,113.954429904,22.530745973
point,154.000,127.286,83.592,137.037,0.58932521,0.14187102,0.00000000,154,113.954437909,22.530750916
point,155.000,128.109,84.142,137.178,0.58932521,0.14187102,0.00000000,155,113.954445913,22.530755859
point,156.000,128.932,84.692,137.318,0.58932521,0.14187102,0.00000000,156,113.954453918,22.530760803
point,157.000,129.755,85.242,137.459,0.58932521,0.14187102,0.00000000,157,113.954461923,22.530765746
point,158.000,130.578,85.793,137.599,0.58932521,0.14187102,0.00000000,158,113.954469928,22.530770690
point,159.000,131.401,86.343,137.740,0.58939972,0.14304446,0.00007452,159,113.954477932,22.530775633
point,160.000,132.224,86.893,137.882,0.59101925,0.16855029,0.00155116,160,113.954485933,22.530780575
point,161.000,133.038,87.442,138.072,0.59257658,0.19307609,0.00000000,161,113.954493854,22.530785501
point,162.000,133.853,87.990,138.261,0.59257658,0.19307609,0.00000000,162,113.954501775,22.530790428
point,163.000,134.667,88.538,138.451,0.59257658,0.19307609,0.00000000,163,113.954509696,22.530795354
point,164.000,135.482,89.087,138.641,0.59257658,0.19307609,0.00000000,164,113.954517617,22.530800280
point,165.000,136.296,89.635,138.830,0.59257658,0.19307609,0.00000000,165,113.954525538,22.530805206
point,166.000,137.111,90.183,139.020,0.59257658,0.19307609,0.00000000,166,113.954533459,22.530810132
point,167.000,137.925,90.732,139.209,0.59257658,0.19307609,0.00000000,167,113.954541380,22.530815058
point,168.000,138.739,91.280,139.399,0.59257658,0.19307609,0.00000000,168,113.954549301,22.530819984
point,169.000,139.554,91.829,139.588,0.59257658,0.19307609,0.00000000,169,113.954557222,22.530824910
point,170.000,140.368,92.377,139.778,0.59257658,0.19307609,0.00000000,170,113.954565144,22.530829837
point,171.000,141.183,92.925,139.968,0.59257658,0.19307609,0.00000000,171,113.954573065,22.530834763
point,172.000,141.997,93.474,140.157,0.59257658,0.19307609,0.00000000,172,113.954580986,22.530839689
point,173.000,142.812,94.022,140.347,0.59257658,0.19307609,0.00000000,173,113.954588907,22.530844615
point,174.000,143.626,94.570,140.536,0.59257658,0.19307609,0.00000000,174,113.954596828,22.530849541
point,175.000,144.441,95.119,140.726,0.59257658,0.19307609,0.00000000,175,113.954604749,22.530854467
point,176.000,145.255,95.667,140.915,0.59257658,0.19307609,0.00000000,176,113.954612670,22.530859393
point,177.000,146.070,96.216,141.105,0.59257658,0.19307609,0.00000000,177,113.954620591,22.530864319
point,178.000,146.884,96.764,141.295,0.59257658,0.19307609,0.00000000,178,113.954628512,22.530869245
point,179.000,147.699,97.312,141.484,0.59257658,0.19307609,0.00000000,179,113.954636433,22.530874172
point,180.000,148.513,97.861,141.674,0.59299732,0.18795158,0.00042038,180,113.954644354,22.530879098
point,181.000,149.328,98.411,141.854,0.59448769,0.16979890,0.00106800,181,113.954652284,22.530884038
point,182.000,150.146,98.965,142.009,0.59555333,0.15681920,0.00000000,182,113.954660238,22.530889017
point,183.000,150.964,99.519,142.163,0.59555333,0.15681920,0.00000000,183,113.954668192,22.530893995
point,184.000,151.782,100.073,142.318,0.59555333,0.15681920,0.00000000,184,113.954676146,22.530898974
point,185.000,152.600,100.627,142.473,0.59555333,0.15681920,0.00000000,185,113.954684100,22.530903952
point,186.000,153.418,101.182,142.628,0.59555333,0.15681920,0.00000000,186,113.954692054,22.530908931
point,187.000,154.235,101.736,142.783,0.59555333,0.15681920,0.00000000,187,113.954700007,22.530913909
point,188.000,155.053,102.290,142.938,0.59555333,0.15681920,0.00000000,188,113.954707961,22.530918887
point,189.000,155.871,102.844,143.093,0.59555333,0.15681920,0.00000000,189,113.954715915,22.530923866
point,190.000,156.689,103.398,143.248,0.59555333,0.15681920,0.00000000,190,113.954723869,22.530928844
point,191.000,157.507,103.953,143.403,0.59555333,0.15681920,0.00000000,191,113.954731823,22.530933823
point,192.000,158.325,104.507,143.558,0.59555333,0.15681920,0.00000000,192,113.954739777,22.530938801
point,193.000,159.143,105.061,143.713,0.59555333,0.15681920,0.00000000,193,113.954747731,22.530943779
point,194.000,159.960,105.615,143.868,0.59555333,0.15681920,0.00000000,194,113.954755685,22.530948758
point,195.000,160.778,106.169,144.023,0.59555333,0.15681920,0.00000000,195,113.954763639,22.530953736
point,196.000,161.596,106.724,144.178,0.59555333,0.15681920,0.00000000,196,113.954771593,22.530958715
point,197.000,162.414,107.278,144.332,0.59555333,0.15681920,0.00000000,197,113.954779547,22.530963693
point,198.000,163.232,107.832,144.487,0.59555333,0.15681920,0.00000000,198,113.954787500,22.530968671
point,199.000,164.050,108.386,144.642,0.59555333,0.15681920,0.00000000,199,113.954795454,22.530973650
point,200.000,164.867,108.940,144.797,0.59605585,0.13016257,0.00050127,200,113.954803408,22.530978628
point,201.000,165.689,109.498,144.900,0.59722738,0.06801637,0.00066928,201,113.954811396,22.530983639
point,202.000,166.515,110.061,144.933,0.59789443,0.03263138,0.00000000,202,113.954819430,22.530988693
point,203.000,167.341,110.623,144.965,0.59789443,0.03263138,0.00000000,203,113.954827464,22.530993747
point,204.000,168.167,111.186,144.998,0.59789443,0.03263138,0.00000000,204,113.954835498,22.530998801
point,205.000,168.993,111.749,145.031,0.59789443,0.03263138,0.00000000,205,113.954843533,22.531003855
point,206.000,169.819,112.311,145.063,0.59789443,0.03263138,0.00000000,206,113.954851567,22.531008909
point,207.000,170.645,112.874,145.096,0.59789443,0.03263138,0.00000000,207,113.954859601,22.531013963
point,208.000,171.471,113.436,145.128,0.59789443,0.03263138,0.00000000,208,113.954867635,22.531019016
point,209.000,172.297,113.999,145.161,0.59789443,0.03263138,0.00000000,209,113.954875669,22.531024070
point,210.000,173.124,114.562,145.194,0.59789443,0.03263138,0.00000000,210,113.954883703,22.531029124
point,211.000,173.950,115.124,145.226,0.59789443,0.03263138,0.00000000,211,113.954891737,22.531034178
point,212.000,174.776,115.687,145.259,0.59789443,0.03263138,0.00000000,212,113.954899771,22.531039232
point,213.000,175.602,116.249,145.291,0.59789443,0.03263138,0.00000000,213,113.954907805,22.531044286
point,214.000,176.428,116.812,145.324,0.59789443,0.03263138,0.00000000,214,113.954915839,22.531049340
point,215.000,177.254,117.375,145.357,0.59789443,0.03263138,0.00000000,215,113.954923873,22.531054394
point,216.000,178.080,117.937,145.389,0.59789443,0.03263138,0.00000000,216,113.954931907,22.531059448
point,217.000,178.906,118.500,145.422,0.59789443,0.03263138,0.00000000,217,113.954939941,22.531064502
point,218.000,179.732,119.062,145.455,0.59789443,0.03263138,0.00000000,218,113.954947975,22.531069556
point,219.000,180.558,119.625,145.487,0.59827531,-0.01486835,0.00038171,219,113.954956009,22.531074610
point,220.000,181.380,120.186,145.425,0.59890931,-0.09393673,0.00025182,220,113.954964004,22.531079647
point,221.000,182.200,120.745,145.300,0.59916149,-0.12538713,0.00000000,221,113.954971973,22.531084674
point,222.000,183.019,121.305,145.176,0.59916149,-0.12538713,0.00000000,222,113.954979942,22.531089701
point,223.000,183.838,121.865,145.052,0.59916149,-0.12538713,0.00000000,223,113.954987911,22.531094728
point,224.000,184.658,122.424,144.927,0.59916149,-0.12538713,0.00000000,224,113.954995880,22.531099754
point,225.000,185.477,122.984,144.803,0.59916149,-0.12538713,0.00000000,225,113.955003849,22.531104781
point,226.000,186.297,123.543,144.678,0.59916149,-0.12538713,0.00000000,226,113.955011818,22.531109808
point,227.000,187.116,124.103,144.554,0.59916149,-0.12538713,0.00000000,227,113.955019787,22.531114834
point,228.000,187.935,124.662,144.430,0.59916149,-0.12538713,0.00000000,228,113.955027756,22.531119861
point,229.000,188.755,125.222,144.305,0.59916149,-0.12538713,0.00000000,229,113.955035725,22.531124888
point,230.000,189.574,125.781,144.181,0.59916149,-0.12538713,0.00000000,230,113.955043694,22.531129914
point,231.000,190.394,126.341,144.056,0.59916149,-0.12538713,0.00000000,231,113.955051663,22.531134941
point,232.000,191.213,126.901,143.932,0.59916149,-0.12538713,0.00000000,232,113.955059632,22.531139968
point,233.000,192.032,127.460,143.808,0.59916149,-0.12538713,0.00000000,233,113.955067601,22.531144994
point,234.000,192.852,128.020,143.683,0.59916149,-0.12538713,0.00000000,234,113.955075570,22.531150021
point,235.000,193.671,128.579,143.559,0.59916149,-0.12538713,0.00000000,235,113.955083539,22.531155048
point,236.000,194.491,129.139,143.434,0.59916149,-0.12538713,0.00000000,236,113.955091508,22.531160075
point,237.000,195.310,129.698,143.310,0.59908651,-0.15106049,0.00007532,237,113.955099477,22.531165101
point,238.000,196.122,130.253,143.136,0.59892509,-0.20633360,0.00008621,238,113.955107375,22.531170082
point,239.000,196.926,130.801,142.906,0.59883844,-0.23600273,0.00000000,239,113.955115193,22.531175010
point,240.000,197.730,131.350,142.676,0.59883844,-0.23600273,0.00000000,240,113.955123012,22.531179938
point,241.000,198.534,131.899,142.447,0.59883844,-0.23600273,0.00000000,241,113.955130830,22.531184866
point,242.000,199.338,132.447,142.217,0.59883844,-0.23600273,0.00000000,242,113.955138648,22.531189795
point,243.000,200.142,132.996,141.987,0.59883844,-0.23600273,0.00000000,243,113.955146467,22.531194723
point,244.000,200.946,133.545,141.758,0.59883844,-0.23600273,0.00000000,244,113.955154285,22.531199651
point,245.000,201.749,134.093,141.528,0.59883844,-0.23600273,0.00000000,245,113.955162104,22.531204579
point,246.000,202.553,134.642,141.298,0.59883844,-0.23600273,0.00000000,246,113.955169922,22.531209508
point,247.000,203.357,135.190,141.069,0.59883844,-0.23600273,0.00000000,247,113.955177740,22.531214436
point,248.000,204.161,135.739,140.839,0.59883844,-0.23600273,0.00000000,248,113.955185559,22.531219364
point,249.000,204.965,136.288,140.609,0.59883844,-0.23600273,0.00000000,249,113.955193377,22.531224293
point,250.000,205.769,136.836,140.380,0.59883844,-0.23600273,0.00000000,250,113.955201196,22.531229221
point,251.000,206.573,137.385,140.150,0.59883844,-0.23600273,0.00000000,251,113.955209014,22.531234149
point,252.000,207.377,137.933,139.920,0.59883844,-0.23600273,0.00000000,252,113.955216832,22.531239077
point,253.000,208.181,138.482,139.690,0.59883844,-0.23600273,0.00000000,253,113.955224651,22.531244006
point,254.000,208.985,139.031,139.461,0.59883844,-0.23600273,0.00000000,254,113.955232469,22.531248934
point,255.000,209.789,139.579,139.231,0.59781364,-0.23684099,0.00102499,255,113.955240287,22.531253862
point,256.000,210.593,140.126,139.000,0.59656483,-0.23786215,0.00022364,256,113.955248114,22.531258774
point,257.000,211.398,140.672,138.768,0.59634118,-0.23804499,0.00000000,257,113.955255942,22.531263682
point,258.000,212.203,141.219,138.537,0.59634118,-0.23804499,0.00000000,258,113.955263770,22.531268590
point,259.000,213.008,141.765,138.305,0.59634118,-0.23804499,0.00000000,259,113.955271598,22.531273498
point,260.000,213.813,142.311,138.074,0.59634118,-0.23804499,0.00000000,260,113.955279426,22.531278406
point,261.000,214.618,142.858,137.842,0.59634118,-0.23804499,0.00000000,261,113.955287254,22.531283314
point,262.000,215.423,143.404,137.610,0.59634118,-0.23804499,0.00000000,262,113.955295082,22.531288222
point,263.000,216.228,143.951,137.379,0.59634118,-0.23804499,0.00000000,263,113.955302911,22.531293129
point,264.000,217.032,144.497,137.147,0.59634118,-0.23804499,0.00000000,264,113.955310739,22.531298037
point,265.000,217.837,145.043,136.916,0.59634118,-0.23804499,0.00000000,265,113.955318567,22.531302945
point,266.000,218.642,145.590,136.684,0.59634118,-0.23804499,0.00000000,266,113.955326395,22.531307853
point,267.000,219.447,146.136,136.453,0.59634118,-0.23804499,0.00000000,267,113.955334223,22.531312761
point,268.000,220.252,146.682,136.221,0.59634118,-0.23804499,0.00000000,268,113.955342051,22.531317669
point,269.000,221.057,147.229,135.989,0.59634118,-0.23804499,0.00000000,269,113.955349879,22.531322577
point,270.000,221.862,147.775,135.758,0.59634118,-0.23804499,0.00000000,270,113.955357707,22.531327485
point,271.000,222.667,148.321,135.526,0.59634118,-0.23804499,0.00000000,271,113.955365535,22.531332393
point,272.000,223.472,148.868,135.295,0.59373164,-0.18505425,0.00258542,272,113.955373363,22.531337301
point,273.000,224.295,149.420,135.163,0.59110636,-0.13174257,0.00006396,273,113.955381367,22.531342263
point,274.000,225.118,149.973,135.033,0.59104241,-0.13044401,0.00000000,274,113.955389375,22.531347227
point,275.000,225.941,150.525,134.904,0.59104241,-0.13044401,0.00000000,275,113.955397383,22.531352191
point,276.000,226.765,151.078,134.775,0.59104241,-0.13044401,0.00000000,276,113.955405390,22.531357154
point,277.000,227.588,151.630,134.645,0.59104241,-0.13044401,0.00000000,277,113.955413398,22.531362118
point,278.000,228.412,152.183,134.516,0.59104241,-0.13044401,0.00000000,278,113.955421406,22.531367081
point,279.000,229.235,152.735,134.387,0.59104241,-0.13044401,0.00000000,279,113.955429414,22.531372045
point,280.000,230.058,153.288,134.257,0.59104241,-0.13044401,0.00000000,280,113.955437422,22.531377009
point,281.000,230.882,153.840,134.128,0.59104241,-0.13044401,0.00000000,281,113.955445429,22.531381972
point,282.000,231.705,154.393,133.999,0.59104241,-0.13044401,0.00000000,282,113.955453437,22.531386936
point,283.000,232.528,154.946,133.869,0.59104241,-0.13044401,0.00000000,283,113.955461445,22.531391899
point,284.000,233.352,155.498,133.740,0.59104241,-0.13044401,0.00000000,284,113.955469453,22.531396863
point,285.000,234.175,156.051,133.611,0.59104241,-0.13044401,0.00000000,285,113.955477461,22.531401827
point,286.000,234.999,156.603,133.481,0.59104241,-0.13044401,0.00000000,286,113.955485469,22.531406790
point,287.000,235.822,157.156,133.352,0.59014431,-0.11482844,0.00089735,287,113.955493476,22.531411754
point,288.000,236.648,157.708,133.253,0.58577115,-0.03879017,0.00346524,288,113.955501507,22.531416713
point,289.000,237.483,158.258,133.275,0.58231723,0.02126545,0.00000000,289,113.955509628,22.531421652
point,290.000,238.318,158.807,133.296,0.58231723,0.02126545,0.00000000,290,113.955517749,22.531426591
point,291.000,239.153,159.357,133.317,0.58231723,0.02126545,0.00000000,291,113.955525870,22.531431530
point,292.000,239.988,159.907,133.338,0.58231723,0.02126545,0.00000000,292,113.955533991,22.531436470
point,293.000,240.823,160.457,133.360,0.58231723,0.02126545,0.00000000,293,113.955542111,22.531441409
point,294.000,241.658,161.007,133.381,0.58231723,0.02126545,0.00000000,294,113.955550232,22.531446348
point,295.000,242.493,161.557,133.402,0.58231723,0.02126545,0.00000000,295,113.955558353,22.531451287
point,296.000,243.328,162.106,133.423,0.58231723,0.02126545,0.00000000,296,113.955566474,22.531456227
point,297.000,244.163,162.656,133.445,0.58231723,0.02126545,0.00000000,297,113.955574595,22.531461166
point,298.000,244.998,163.206,133.466,0.58231723,0.02126545,0.00000000,298,113.955582716,22.531466105
point,299.000,245.833,163.756,133.487,0.58231723,0.02126545,0.00000000,299,113.955590836,22.531471044
point,300.000,246.668,164.306,133.508,0.58231723,0.02126545,0.00000000,300,113.955598957,22.531475984
point,301.000,247.503,164.856,133.530,0.58231723,0.02126545,0.00000000,301,113.955607078,22.531480923
point,302.000,248.338,165.405,133.551,0.58072189,0.03377229,0.00159676,302,113.955615199,22.531485862
point,303.000,249.173,165.952,133.597,0.57438082,0.08348276,0.00475535,303,113.955623322,22.531490769
point,304.000,250.009,166.487,133.717,0.56961301,0.12085754,0.00000000,304,113.955631453,22.531495578
point,305.000,250.845,167.022,133.837,0.56961301,0.12085754,0.00000000,305,113.955639584,22.531500388
point,306.000,251.681,167.558,133.957,0.56961301,0.12085754,0.00000000,306,113.955647714,22.531505198
point,307.000,252.517,168.093,134.077,0.56961301,0.12085754,0.00000000,307,113.955655845,22.531510007
point,308.000,253.353,168.629,134.197,0.56961301,0.12085754,0.00000000,308,113.955663976,22.531514817
point,309.000,254.189,169.164,134.317,0.56961301,0.12085754,0.00000000,309,113.955672107,22.531519627
point,310.000,255.025,169.699,134.437,0.56961301,0.12085754,0.00000000,310,113.955680238,22.531524436
point,311.000,255.861,170.235,134.557,0.56961301,0.12085754,0.00000000,311,113.955688368,22.531529246
point,312.000,256.697,170.770,134.677,0.56961301,0.12085754,0.00000000,312,113.955696499,22.531534056
point,313.000,257.533,171.306,134.797,0.56961301,0.12085754,0.00000000,313,113.955704630,22.531538865
point,314.000,258.369,171.841,134.917,0.56961301,0.12085754,0.00000000,314,113.955712761,22.531543675
point,315.000,259.205,172.377,135.037,0.56961301,0.12085754,0.00000000,315,113.955720892,22.531548485
point,316.000,260.041,172.912,135.157,0.56961301,0.12085754,0.00000000,316,113.955729022,22.531553294
point,317.000,260.877,173.447,135.277,0.56264521,0.11315005,0.00696198,317,113.955737153,22.531558104
point,318.000,261.722,173.972,135.382,0.55411530,0.10370718,0.00157344,318,113.955745369,22.531562817
point,319.000,262.569,174.494,135.483,0.55254218,0.10196484,0.00000000,319,113.955753605,22.531567507
point,320.000,263.416,175.016,135.585,0.55254218,0.10196484,0.00000000,320,113.955761840,22.531572198
point,321.000,264.263,175.538,135.686,0.55254218,0.10196484,0.00000000,321,113.955770076,22.531576888
point,322.000,265.109,176.061,135.788,0.55254218,0.10196484,0.00000000,322,113.955778312,22.531581579
point,323.000,265.956,176.583,135.889,0.55254218,0.10196484,0.00000000,323,113.955786547,22.531586269
point,324.000,266.803,177.105,135.990,0.55254218,0.10196484,0.00000000,324,113.955794783,22.531590960
point,325.000,267.650,177.627,136.092,0.55254218,0.10196484,0.00000000,325,113.955803018,22.531595650
point,326.000,268.497,178.149,136.193,0.55254218,0.10196484,0.00000000,326,113.955811254,22.531600341
point,327.000,269.343,178.671,136.295,0.55254218,0.10196484,0.00000000,327,113.955819490,22.531605031
point,328.000,270.190,179.193,136.396,0.55254218,0.10196484,0.00000000,328,113.955827725,22.531609722
point,329.000,271.037,179.716,136.498,0.55254218,0.10196484,0.00000000,329,113.955835961,22.531614412
point,330.000,271.884,180.238,136.599,0.55254218,0.10196484,0.00000000,330,113.955844196,22.531619103
point,331.000,272.731,180.760,136.701,0.54243005,0.04270478,0.01008918,331,113.955852432,22.531623793
point,332.000,273.592,181.267,136.684,0.53167537,-0.02032542,0.00068833,332,113.955860806,22.531628350
point,333.000,274.454,181.773,136.660,0.53098716,-0.02435886,0.00000000,333,113.955869190,22.531632898
point,334.000,275.316,182.280,136.636,0.53098716,-0.02435886,0.00000000,334,113.955877574,22.531637445
point,335.000,276.178,182.786,136.611,0.53098716,-0.02435886,0.00000000,335,113.955885958,22.531641993
point,336.000,277.040,183.292,136.587,0.53098716,-0.02435886,0.00000000,336,113.955894342,22.531646540
point,337.000,277.902,183.798,136.563,0.53098716,-0.02435886,0.00000000,337,113.955902726,22.531651088
point,338.000,278.764,184.305,136.538,0.53098716,-0.02435886,0.00000000,338,113.955911110,22.531655636
point,339.000,279.626,184.811,136.514,0.53098716,-0.02435886,0.00000000,339,113.955919494,22.531660183
point,340.000,280.488,185.317,136.489,0.53098716,-0.02435886,0.00000000,340,113.955927878,22.531664731
point,341.000,281.350,185.823,136.465,0.53098716,-0.02435886,0.00000000,341,113.955936261,22.531669278
point,342.000,282.212,186.329,136.441,0.53098716,-0.02435886,0.00000000,342,113.955944645,22.531673826
point,343.000,283.074,186.836,136.416,0.53098716,-0.02435886,0.00000000,343,113.955953029,22.531678373
point,344.000,283.936,187.342,136.392,0.52402109,-0.06367993,0.00699287,344,113.955961413,22.531682921
point,345.000,284.799,187.832,136.290,0.51111679,-0.13651064,0.00590315,345,113.955969801,22.531687326
point,346.000,285.662,188.309,136.122,0.50519513,-0.16992510,0.00000000,346,113.955978191,22.531691612
point,347.000,286.524,188.787,135.955,0.50519513,-0.16992510,0.00000000,347,113.955986581,22.531695898
point,348.000,287.387,189.264,135.787,0.50519513,-0.16992510,0.00000000,348,113.955994972,22.531700185
point,349.000,288.250,189.741,135.619,0.50519513,-0.16992510,0.00000000,349,113.956003362,22.531704471
point,350.000,289.112,190.218,135.452,0.50519513,-0.16992510,0.00000000,350,113.956011752,22.531708757
point,351.000,289.975,190.695,135.284,0.50519513,-0.16992510,0.00000000,351,113.956020143,22.531713043
point,352.000,290.838,191.172,135.117,0.50519513,-0.16992510,0.00000000,352,113.956028533,22.531717329
point,353.000,291.700,191.649,134.949,0.50519513,-0.16992510,0.00000000,353,113.956036923,22.531721616
point,354.000,292.563,192.127,134.782,0.50519513,-0.16992510,0.00000000,354,113.956045314,22.531725902
point,355.000,293.426,192.604,134.614,0.50519513,-0.16992510,0.00000000,355,113.956053704,22.531730188
point,356.000,294.289,193.081,134.447,0.50519513,-0.16992510,0.00000000,356,113.956062094,22.531734474
point,357.000,295.151,193.558,134.279,0.50113220,-0.17734665,0.00406884,357,113.956070485,22.531738761
point,358.000,296.015,194.027,134.098,0.48648234,-0.20408161,0.01061348,358,113.956078888,22.531742971
point,359.000,296.883,194.474,133.880,0.47583048,-0.22349334,0.00000000,359,113.956087325,22.531746987
point,360.000,297.750,194.921,133.661,0.47583048,-0.22349334,0.00000000,360,113.956095762,22.531751003
point,361.000,298.618,195.368,133.443,0.47583048,-0.22349334,0.00000000,361,113.956104199,22.531755019
point,362.000,299.485,195.815,133.225,0.47583048,-0.22349334,0.00000000,362,113.956112636,22.531759035
point,363.000,300.353,196.262,133.007,0.47583048,-0.22349334,0.00000000,363,113.956121073,22.531763051
point,364.000,301.220,196.709,132.789,0.47583048,-0.22349334,0.00000000,364,113.956129510,22.531767067
point,365.000,302.088,197.156,132.571,0.47583048,-0.22349334,0.00000000,365,113.956137947,22.531771083
point,366.000,302.955,197.603,132.353,0.47583048,-0.22349334,0.00000000,366,113.956146384,22.531775098
point,367.000,303.823,198.050,132.135,0.47583048,-0.22349334,0.00000000,367,113.956154821,22.531779114
point,368.000,304.691,198.497,131.917,0.47583048,-0.22349334,0.00000000,368,113.956163258,22.531783130
point,369.000,305.558,198.944,131.698,0.47583048,-0.22349334,0.00000000,369,113.956171695,22.531787146
point,370.000,306.426,199.391,131.480,0.47476205,-0.22021970,0.00106786,370,113.956180132,22.531791162
point,371.000,307.295,199.837,131.268,0.45870948,-0.17100714,0.01487032,371,113.956188587,22.531795166
point,372.000,308.191,200.263,131.144,0.44395412,-0.12573230,0.00000000,372,113.956197301,22.531798994
point,373.000,309.087,200.689,131.019,0.44395412,-0.12573230,0.00000000,373,113.956206015,22.531802822
point,374.000,309.983,201.115,130.894,0.44395412,-0.12573230,0.00000000,374,113.956214729,22.531806650
point,375.000,310.879,201.542,130.769,0.44395412,-0.12573230,0.00000000,375,113.956223444,22.531810479
point,376.000,311.775,201.968,130.645,0.44395412,-0.12573230,0.00000000,376,113.956232158,22.531814307
point,377.000,312.671,202.394,130.520,0.44395412,-0.12573230,0.00000000,377,113.956240872,22.531818135
point,378.000,313.567,202.820,130.395,0.44395412,-0.12573230,0.00000000,378,113.956249586,22.531821963
point,379.000,314.463,203.246,130.270,0.44395412,-0.12573230,0.00000000,379,113.956258300,22.531825792
point,380.000,315.359,203.672,130.146,0.44395412,-0.12573230,0.00000000,380,113.956267014,22.531829620
point,381.000,316.255,204.099,130.021,0.44395412,-0.12573230,0.00000000,381,113.956275728,22.531833448
point,382.000,317.151,204.525,129.896,0.44395412,-0.12573230,0.00000000,382,113.956284442,22.531837276
point,383.000,318.047,204.951,129.771,0.44187106,-0.11229454,0.00208259,383,113.956293156,22.531841105
point,384.000,318.945,205.373,129.673,0.42532692,-0.00555611,0.01443612,384,113.956301892,22.531844901
point,385.000,319.858,205.771,129.760,0.41091671,0.08741704,0.00000000,385,113.956310774,22.531848476
point,386.000,320.772,206.169,129.847,0.41091671,0.08741704,0.00000000,386,113.956319656,22.531852050
point,387.000,321.685,206.567,129.934,0.41091671,0.08741704,0.00000000,387,113.956328538,22.531855625
point,388.000,322.598,206.965,130.022,0.41091671,0.08741704,0.00000000,388,113.956337420,22.531859200
point,389.000,323.512,207.363,130.109,0.41091671,0.08741704,0.00000000,389,113.956346302,22.531862774
point,390.000,324.425,207.761,130.196,0.41091671,0.08741704,0.00000000,390,113.956355184,22.531866349
point,391.000,325.338,208.159,130.283,0.41091671,0.08741704,0.00000000,391,113.956364066,22.531869924
point,392.000,326.251,208.557,130.370,0.41091671,0.08741704,0.00000000,392,113.956372948,22.531873498
point,393.000,327.165,208.955,130.457,0.41091671,0.08741704,0.00000000,393,113.956381830,22.531877073
point,394.000,328.078,209.353,130.544,0.41091671,0.08741704,0.00000000,394,113.956390712,22.531880648
point,395.000,328.991,209.751,130.631,0.41091671,0.08741704,0.00000000,395,113.956399594,22.531884223
point,396.000,329.904,210.149,130.718,0.40833468,0.10466527,0.00259066,396,113.956408476,22.531887797
point,397.000,330.814,210.539,130.839,0.39219597,0.21245352,0.01377552,397,113.956417319,22.531891306
point,398.000,331.702,210.892,131.132,0.37818435,0.30599130,0.00000000,398,113.956425962,22.531894478
point,399.000,332.591,211.245,131.424,0.37818435,0.30599130,0.00000000,399,113.956434604,22.531897649
point,400.000,333.480,211.598,131.717,0.37818435,0.30599130,0.00000000,400,113.956443247,22.531900821
point,401.000,334.368,211.952,132.009,0.37818435,0.30599130,0.00000000,401,113.956451890,22.531903993
point,402.000,335.257,212.305,132.302,0.37818435,0.30599130,0.00000000,402,113.956460533,22.531907164
point,403.000,336.146,212.658,132.595,0.37818435,0.30599130,0.00000000,403,113.956469175,22.531910336
point,404.000,337.034,213.011,132.887,0.37818435,0.30599130,0.00000000,404,113.956477818,22.531913508
point,405.000,337.923,213.364,133.180,0.37818435,0.30599130,0.00000000,405,113.956486461,22.531916680
point,406.000,338.812,213.717,133.472,0.37818435,0.30599130,0.00000000,406,113.956495103,22.531919851
point,407.000,339.700,214.070,133.765,0.37818435,0.30599130,0.00000000,407,113.956503746,22.531923023
point,408.000,340.589,214.423,134.058,0.37818435,0.30599130,0.00000000,408,113.956512389,22.531926195
point,409.000,341.478,214.776,134.350,0.37818435,0.30599130,0.00000000,409,113.956521032,22.531929366
point,410.000,342.366,215.129,134.643,0.37135712,0.33061381,0.00688266,410,113.956529674,22.531932538
point,411.000,343.245,215.465,134.977,0.35586615,0.38642322,0.00863748,411,113.956538225,22.531935551
point,412.000,344.113,215.778,135.363,0.34714406,0.41780637,0.00000000,412,113.956546663,22.531938371
point,413.000,344.981,216.092,135.748,0.34714406,0.41780637,0.00000000,413,113.956555102,22.531941191
point,414.000,345.848,216.406,136.134,0.34714406,0.41780637,0.00000000,414,113.956563540,22.531944011
point,415.000,346.716,216.720,136.519,0.34714406,0.41780637,0.00000000,415,113.956571979,22.531946831
point,416.000,347.584,217.034,136.905,0.34714406,0.41780637,0.00000000,416,113.956580417,22.531949651
point,417.000,348.451,217.348,137.290,0.34714406,0.41780637,0.00000000,417,113.956588855,22.531952471
point,418.000,349.319,217.662,137.676,0.34714406,0.41780637,0.00000000,418,113.956597294,22.531955291
point,419.000,350.187,217.976,138.061,0.34714406,0.41780637,0.00000000,419,113.956605732,22.531958110
point,420.000,351.054,218.290,138.447,0.34714406,0.41780637,0.00000000,420,113.956614171,22.531960930
point,421.000,351.922,218.604,138.833,0.34714406,0.41780637,0.00000000,421,113.956622609,22.531963750
point,422.000,352.790,218.918,139.218,0.34714406,0.41780637,0.00000000,422,113.956631048,22.531966570
point,423.000,353.657,219.232,139.604,0.34714406,0.41780637,0.00000000,423,113.956639486,22.531969390
point,424.000,354.525,219.545,139.989,0.34714406,0.41780637,0.00000000,424,113.956647925,22.531972210
point,425.000,355.393,219.859,140.375,0.33436921,0.40053469,0.01269996,425,113.956656363,22.531975030
point,426.000,356.278,220.155,140.733,0.32034307,0.38149609,0.00140014,426,113.956664977,22.531977682
point,427.000,357.166,220.448,141.087,0.31894387,0.37959268,0.00000000,427,113.956673611,22.531980316
point,428.000,358.054,220.741,141.442,0.31894387,0.37959268,0.00000000,428,113.956682245,22.531982949
point,429.000,358.942,221.034,141.797,0.31894387,0.37959268,0.00000000,429,113.956690879,22.531985583
point,430.000,359.830,221.327,142.152,0.31894387,0.37959268,0.00000000,430,113.956699513,22.531988216
point,431.000,360.717,221.620,142.507,0.31894387,0.37959268,0.00000000,431,113.956708147,22.531990850
point,432.000,361.605,221.914,142.862,0.31894387,0.37959268,0.00000000,432,113.956716781,22.531993483
point,433.000,362.493,222.207,143.217,0.31894387,0.37959268,0.00000000,433,113.956725415,22.531996117
point,434.000,363.381,222.500,143.572,0.31894387,0.37959268,0.00000000,434,113.956734049,22.531998750
point,435.000,364.268,222.793,143.926,0.31894387,0.37959268,0.00000000,435,113.956742683,22.532001383
point,436.000,365.156,223.086,144.281,0.31894387,0.37959268,0.00000000,436,113.956751317,22.532004017
point,437.000,366.044,223.379,144.636,0.31894387,0.37959268,0.00000000,437,113.956759951,22.532006650
point,438.000,366.932,223.672,144.991,0.31894387,0.37959268,0.00000000,438,113.956768584,22.532009284
point,439.000,367.819,223.966,145.346,0.31785404,0.37336007,0.00108797,439,113.956777218,22.532011917
point,440.000,368.711,224.258,145.690,0.30538445,0.30201835,0.01118177,440,113.956785888,22.532014542
point,441.000,369.642,224.540,145.923,0.29440438,0.23915927,0.00000000,441,113.956794940,22.532017077
point,442.000,370.572,224.822,146.156,0.29440438,0.23915927,0.00000000,442,113.956803992,22.532019613
point,443.000,371.503,225.104,146.388,0.29440438,0.23915927,0.00000000,443,113.956813043,22.532022148
point,444.000,372.434,225.387,146.621,0.29440438,0.23915927,0.00000000,444,113.956822095,22.532024683
point,445.000,373.364,225.669,146.853,0.29440438,0.23915927,0.00000000,445,113.956831147,22.532027218
point,446.000,374.295,225.951,147.086,0.29440438,0.23915927,0.00000000,446,113.956840199,22.532029753
point,447.000,375.226,226.233,147.319,0.29440438,0.23915927,0.00000000,447,113.956849251,22.532032288
point,448.000,376.157,226.516,147.551,0.29440438,0.23915927,0.00000000,448,113.956858302,22.532034823
point,449.000,377.087,226.798,147.784,0.29440438,0.23915927,0.00000000,449,113.956867354,22.532037359
point,450.000,378.018,227.080,148.016,0.29440438,0.23915927,0.00000000,450,113.956876406,22.532039894
point,451.000,378.949,227.362,148.249,0.29440438,0.23915927,0.00000000,451,113.956885458,22.532042429
point,452.000,379.880,227.644,148.482,0.29440438,0.23915927,0.00000000,452,113.956894510,22.532044964
point,453.000,380.810,227.927,148.714,0.29440438,0.23915927,0.00000000,453,113.956903562,22.532047499
point,454.000,381.741,228.209,148.947,0.29108582,0.21622240,0.00330639,454,113.956912613,22.532050034
point,455.000,382.680,228.487,149.136,0.28084554,0.14543068,0.00689210,455,113.956921750,22.532052532
point,456.000,383.639,228.756,149.234,0.27400740,0.09814922,0.00000000,456,113.956931068,22.532054952
point,457.000,384.597,229.025,149.332,0.27400740,0.09814922,0.00000000,457,113.956940386,22.532057371
point,458.000,385.555,229.295,149.429,0.27400740,0.09814922,0.00000000,458,113.956949704,22.532059790
point,459.000,386.513,229.564,149.527,0.27400740,0.09814922,0.00000000,459,113.956959022,22.532062209
point,460.000,387.471,229.833,149.625,0.27400740,0.09814922,0.00000000,460,113.956968340,22.532064628
point,461.000,388.429,230.103,149.722,0.27400740,0.09814922,0.00000000,461,113.956977658,22.532067047
point,462.000,389.387,230.372,149.820,0.27400740,0.09814922,0.00000000,462,113.956986976,22.532069466
point,463.000,390.345,230.641,149.918,0.27400740,0.09814922,0.00000000,463,113.956996293,22.532071886
point,464.000,391.303,230.911,150.016,0.27400740,0.09814922,0.00000000,464,113.957005611,22.532074305
point,465.000,392.261,231.180,150.113,0.27400740,0.09814922,0.00000000,465,113.957014929,22.532076724
point,466.000,393.219,231.449,150.211,0.27400740,0.09814922,0.00000000,466,113.957024247,22.532079143
point,467.000,394.178,231.718,150.309,0.27400740,0.09814922,0.00000000,467,113.957033565,22.532081562
point,468.000,395.136,231.988,150.406,0.27400740,0.09814922,0.00000000,468,113.957042883,22.532083981
point,469.000,396.094,232.257,150.504,0.27156782,0.09013386,0.00243822,469,113.957052201,22.532086400
point,470.000,397.054,232.522,150.586,0.26352910,0.06371869,0.00559444,470,113.957061542,22.532088780
point,471.000,398.020,232.777,150.631,0.25794208,0.04535726,0.00000000,471,113.957070936,22.532091069
point,472.000,398.986,233.032,150.676,0.25794208,0.04535726,0.00000000,472,113.957080330,22.532093359
point,473.000,399.952,233.286,150.722,0.25794208,0.04535726,0.00000000,473,113.957089724,22.532095648
point,474.000,400.918,233.541,150.767,0.25794208,0.04535726,0.00000000,474,113.957099118,22.532097937
point,475.000,401.884,233.796,150.812,0.25794208,0.04535726,0.00000000,475,113.957108512,22.532100226
point,476.000,402.850,234.051,150.858,0.25794208,0.04535726,0.00000000,476,113.957117907,22.532102515
point,477.000,403.816,234.306,150.903,0.25794208,0.04535726,0.00000000,477,113.957127301,22.532104804
point,478.000,404.782,234.561,150.948,0.25794208,0.04535726,0.00000000,478,113.957136695,22.532107094
point,479.000,405.747,234.815,150.994,0.25794208,0.04535726,0.00000000,479,113.957146089,22.532109383
point,480.000,406.713,235.070,151.039,0.25794208,0.04535726,0.00000000,480,113.957155483,22.532111672
point,481.000,407.679,235.325,151.084,0.25794208,0.04535726,0.00000000,481,113.957164877,22.532113961
point,482.000,408.645,235.580,151.129,0.25794208,0.04535726,0.00000000,482,113.957174271,22.532116250
point,483.000,409.611,235.835,151.175,0.25794208,0.04535726,0.00000000,483,113.957183665,22.532118539
point,484.000,410.577,236.090,151.220,0.25794208,0.04535726,0.00000000,484,113.957193059,22.532120829
point,485.000,411.543,236.344,151.265,0.25379658,0.06640834,0.00415208,485,113.957202454,22.532123118
point,486.000,412.508,236.590,151.353,0.24790997,0.09629877,0.00172907,486,113.957211838,22.532125328
point,487.000,413.473,236.833,151.457,0.24617977,0.10508358,0.00000000,487,113.957221219,22.532127505
point,488.000,414.437,237.075,151.562,0.24617977,0.10508358,0.00000000,488,113.957230599,22.532129682
point,489.000,415.402,237.318,151.666,0.24617977,0.10508358,0.00000000,489,113.957239980,22.532131859
point,490.000,416.366,237.560,151.771,0.24617977,0.10508358,0.00000000,490,113.957249361,22.532134037
point,491.000,417.331,237.802,151.875,0.24617977,0.10508358,0.00000000,491,113.957258741,22.532136214
point,492.000,418.295,238.045,151.980,0.24617977,0.10508358,0.00000000,492,113.957268122,22.532138391
point,493.000,419.260,238.287,152.084,0.24617977,0.10508358,0.00000000,493,113.957277503,22.532140568
point,494.000,420.224,238.529,152.189,0.24617977,0.10508358,0.00000000,494,113.957286883,22.532142745
point,495.000,421.189,238.772,152.293,0.24617977,0.10508358,0.00000000,495,113.957296264,22.532144923
point,496.000,422.153,239.014,152.398,0.24617977,0.10508358,0.00000000,496,113.957305645,22.532147100
point,497.000,423.118,239.256,152.502,0.24617977,0.10508358,0.00000000,497,113.957315025,22.532149277
point,498.000,424.082,239.499,152.607,0.24617977,0.10508358,0.00000000,498,113.957324406,22.532151454
point,499.000,425.047,239.741,152.711,0.24617977,0.10508358,0.00000000,499,113.957333786,22.532153632
point,500.000,426.012,239.984,152.816,0.24617977,0.10508358,0.00000000,500,113.957343167,22.532155809
point,501.000,426.976,240.226,152.920,0.24478743,0.12777134,0.00139754,501,113.957352548,22.532157986
point,502.000,427.934,240.464,153.069,0.24098402,0.18974530,0.00241603,502,113.957361865,22.532160123
point,503.000,428.881,240.694,153.292,0.23855264,0.22936158,0.00000000,503,113.957371076,22.532162192
point,504.000,429.828,240.924,153.516,0.23855264,0.22936158,0.00000000,504,113.957380287,22.532164261
point,505.000,430.775,241.155,153.740,0.23855264,0.22936158,0.00000000,505,113.957389498,22.532166330
point,506.000,431.722,241.385,153.963,0.23855264,0.22936158,0.00000000,506,113.957398709,22.532168399
point,507.000,432.670,241.615,154.187,0.23855264,0.22936158,0.00000000,507,113.957407920,22.532170468
point,508.000,433.617,241.846,154.410,0.23855264,0.22936158,0.00000000,508,113.957417131,22.532172537
point,509.000,434.564,242.076,154.634,0.23855264,0.22936158,0.00000000,509,113.957426342,22.532174606
point,510.000,435.511,242.306,154.857,0.23855264,0.22936158,0.00000000,510,113.957435553,22.532176675
point,511.000,436.458,242.537,155.081,0.23855264,0.22936158,0.00000000,511,113.957444764,22.532178744
point,512.000,437.405,242.767,155.304,0.23855264,0.22936158,0.00000000,512,113.957453975,22.532180813
point,513.000,438.352,242.997,155.528,0.23855264,0.22936158,0.00000000,513,113.957463186,22.532182882
point,514.000,439.299,243.228,155.752,0.23855264,0.22936158,0.00000000,514,113.957472397,22.532184951
point,515.000,440.246,243.458,155.975,0.23855264,0.22936158,0.00000000,515,113.957481607,22.532187020
point,516.000,441.193,243.688,156.199,0.23855264,0.22936158,0.00000000,516,113.957490818,22.532189089
point,517.000,442.140,243.919,156.422,0.23855264,0.22936158,0.00000000,517,113.957500029,22.532191157
point,518.000,443.088,244.149,156.646,0.23853778,0.22977452,0.00001487,518,113.957509240,22.532193226
point,519.000,444.034,244.379,156.870,0.23669677,0.28091005,0.00185087,519,113.957518449,22.532195295
point,520.000,444.957,244.600,157.186,0.23482116,0.33300564,0.00000000,520,113.957527423,22.532197278
point,521.000,445.880,244.821,157.502,0.23482116,0.33300564,0.00000000,521,113.957536397,22.532199261
point,522.000,446.803,245.041,157.818,0.23482116,0.33300564,0.00000000,522,113.957545372,22.532201244
point,523.000,447.725,245.262,158.134,0.23482116,0.33300564,0.00000000,523,113.957554346,22.532203227
point,524.000,448.648,245.483,158.450,0.23482116,0.33300564,0.00000000,524,113.957563320,22.532205210
point,525.000,449.571,245.704,158.766,0.23482116,0.33300564,0.00000000,525,113.957572294,22.532207193
point,526.000,450.494,245.924,159.082,0.23482116,0.33300564,0.00000000,526,113.957581268,22.532209176
point,527.000,451.416,246.145,159.398,0.23482116,0.33300564,0.00000000,527,113.957590242,22.532211159
point,528.000,452.339,246.366,159.714,0.23482116,0.33300564,0.00000000,528,113.957599216,22.532213142
point,529.000,453.262,246.587,160.030,0.23482116,0.33300564,0.00000000,529,113.957608190,22.532215125
point,530.000,454.185,246.807,160.346,0.23482116,0.33300564,0.00000000,530,113.957617164,22.532217108
point,531.000,455.107,247.028,160.661,0.23482116,0.33300564,0.00000000,531,113.957626138,22.532219091
point,532.000,456.030,247.249,160.977,0.23482116,0.33300564,0.00000000,532,113.957635113,22.532221074
point,533.000,456.953,247.470,161.293,0.23482116,0.33300564,0.00000000,533,113.957644087,22.532223057
point,534.000,457.876,247.690,161.609,0.23482116,0.33300564,0.00000000,534,113.957653061,22.532225040
point,535.000,458.798,247.911,161.925,0.23482116,0.33300564,0.00000000,535,113.957662035,22.532227023
point,536.000,459.721,248.132,162.241,0.23482116,0.33300564,0.00000000,536,113.957671009,22.532229006
point,537.000,460.644,248.353,162.557,0.23479867,0.33611469,0.00002251,537,113.957679983,22.532230989
point,538.000,461.565,248.573,162.878,0.23475037,0.34279190,0.00002579,538,113.957688940,22.532232968
point,539.000,462.484,248.793,163.206,0.23472455,0.34636190,0.00000000,539,113.957697878,22.532234943
point,540.000,463.403,249.012,163.533,0.23472455,0.34636190,0.00000000,540,113.957706816,22.532236917
point,541.000,464.322,249.232,163.860,0.23472455,0.34636190,0.00000000,541,113.957715754,22.532238891
point,542.000,465.241,249.452,164.188,0.23472455,0.34636190,0.00000000,542,113.957724692,22.532240865
point,543.000,466.160,249.672,164.515,0.23472455,0.34636190,0.00000000,543,113.957733630,22.532242839
point,544.000,467.079,249.891,164.842,0.23472455,0.34636190,0.00000000,544,113.957742568,22.532244813
point,545.000,467.998,250.111,165.169,0.23472455,0.34636190,0.00000000,545,113.957751506,22.532246788
point,546.000,468.917,250.331,165.497,0.23472455,0.34636190,0.00000000,546,113.957760443,22.532248762
point,547.000,469.836,250.551,165.824,0.23472455,0.34636190,0.00000000,547,113.957769381,22.532250736
point,548.000,470.755,250.771,166.151,0.23472455,0.34636190,0.00000000,548,113.957778319,22.532252710
point,549.000,471.674,250.990,166.479,0.23472455,0.34636190,0.00000000,549,113.957787257,22.532254684
point,550.000,472.593,251.210,166.806,0.23472455,0.34636190,0.00000000,550,113.957796195,22.532256659
point,551.000,473.512,251.430,167.133,0.23472455,0.34636190,0.00000000,551,113.957805133,22.532258633
point,552.000,474.431,251.650,167.460,0.23472455,0.34636190,0.00000000,552,113.957814071,22.532260607
point,553.000,475.350,251.869,167.788,0.23472455,0.34636190,0.00000000,553,113.957823009,22.532262581
point,554.000,476.269,252.089,168.115,0.23472455,0.34636190,0.00000000,554,113.957831947,22.532264555
point,555.000,477.188,252.309,168.442,0.23472455,0.34636190,0.00000000,555,113.957840884,22.532266530
point,556.000,478.107,252.529,168.770,0.23501623,0.33819849,0.00029103,556,113.957849822,22.532268504
point,557.000,479.030,252.750,169.083,0.23667469,0.29178126,0.00135393,557,113.957858799,22.532270492
point,558.000,479.972,252.978,169.329,0.23801448,0.25428237,0.00000000,558,113.957867959,22.532272544
point,559.000,480.914,253.207,169.576,0.23801448,0.25428237,0.00000000,559,113.957877118,22.532274597
point,560.000,481.855,253.435,169.822,0.23801448,0.25428237,0.00000000,560,113.957886278,22.532276650
point,561.000,482.797,253.664,170.069,0.23801448,0.25428237,0.00000000,561,113.957895438,22.532278702
point,562.000,483.739,253.892,170.315,0.23801448,0.25428237,0.00000000,562,113.957904598,22.532280755
point,563.000,484.681,254.121,170.561,0.23801448,0.25428237,0.00000000,563,113.957913758,22.532282808
point,564.000,485.623,254.349,170.808,0.23801448,0.25428237,0.00000000,564,113.957922918,22.532284860
point,565.000,486.565,254.578,171.054,0.23801448,0.25428237,0.00000000,565,113.957932077,22.532286913
point,566.000,487.506,254.806,171.301,0.23801448,0.25428237,0.00000000,566,113.957941237,22.532288966
point,567.000,488.448,255.035,171.547,0.23801448,0.25428237,0.00000000,567,113.957950397,22.532291018
point,568.000,489.390,255.263,171.794,0.23801448,0.25428237,0.00000000,568,113.957959557,22.532293071
point,569.000,490.332,255.492,172.040,0.23801448,0.25428237,0.00000000,569,113.957968717,22.532295124
point,570.000,491.274,255.720,172.287,0.23801448,0.25428237,0.00000000,570,113.957977877,22.532297176
point,571.000,492.216,255.949,172.533,0.23801448,0.25428237,0.00000000,571,113.957987036,22.532299229
point,572.000,493.157,256.177,172.779,0.23801448,0.25428237,0.00000000,572,113.957996196,22.532301282
point,573.000,494.099,256.406,173.026,0.23801448,0.25428237,0.00000000,573,113.958005356,22.532303334
point,574.000,495.041,256.634,173.272,0.23801448,0.25428237,0.00000000,574,113.958014516,22.532305387
point,575.000,495.983,256.863,173.519,0.23801448,0.25428237,0.00000000,575,113.958023676,22.532307440
point,576.000,496.925,257.092,173.765,0.24047280,0.19604040,0.00243434,576,113.958032836,22.532309492
point,577.000,497.884,257.329,173.903,0.24368158,0.12001662,0.00079583,577,113.958042167,22.532311628
point,578.000,498.850,257.570,174.003,0.24447481,0.10122288,0.00000000,578,113.958051555,22.532313791
point,579.000,499.815,257.811,174.104,0.24447481,0.10122288,0.00000000,579,113.958060943,22.532315954
point,580.000,500.780,258.052,174.205,0.24447481,0.10122288,0.00000000,580,113.958070332,22.532318118
point,581.000,501.746,258.292,174.305,0.24447481,0.10122288,0.00000000,581,113.958079720,22.532320281
point,582.000,502.711,258.533,174.406,0.24447481,0.10122288,0.00000000,582,113.958089108,22.532322444
point,583.000,503.676,258.774,174.507,0.24447481,0.10122288,0.00000000,583,113.958098497,22.532324607
point,584.000,504.642,259.015,174.607,0.24447481,0.10122288,0.00000000,584,113.958107885,22.532326771
point,585.000,505.607,259.256,174.708,0.24447481,0.10122288,0.00000000,585,113.958117274,22.532328934
point,586.000,506.572,259.497,174.809,0.24447481,0.10122288,0.00000000,586,113.958126662,22.532331097
point,587.000,507.538,259.737,174.910,0.24447481,0.10122288,0.00000000,587,113.958136050,22.532333261
point,588.000,508.503,259.978,175.010,0.24447481,0.10122288,0.00000000,588,113.958145439,22.532335424
point,589.000,509.468,260.219,175.111,0.24447481,0.10122288,0.00000000,589,113.958154827,22.532337587
point,590.000,510.434,260.460,175.212,0.24447481,0.10122288,0.00000000,590,113.958164215,22.532339750
point,591.000,511.399,260.701,175.312,0.24447481,0.10122288,0.00000000,591,113.958173604,22.532341914
point,592.000,512.364,260.941,175.413,0.24447481,0.10122288,0.00000000,592,113.958182992,22.532344077
point,593.000,513.330,261.182,175.514,0.24447481,0.10122288,0.00000000,593,113.958192380,22.532346240
point,594.000,514.295,261.423,175.615,0.24447481,0.10122288,0.00000000,594,113.958201769,22.532348404
point,595.000,515.260,261.664,175.715,0.24585393,0.08103081,0.00137824,595,113.958211157,22.532350567
point,596.000,516.226,261.908,175.776,0.25058643,0.01174011,0.00334989,596,113.958220551,22.532352757
point,597.000,517.193,262.159,175.739,0.25393107,-0.03723057,0.00000000,597,113.958229958,22.532355012
point,598.000,518.161,262.410,175.701,0.25393107,-0.03723057,0.00000000,598,113.958239365,22.532357267
point,599.000,519.128,262.661,175.664,0.25393107,-0.03723057,0.00000000,599,113.958248772,22.532359522
point,600.000,520.095,262.912,175.627,0.25393107,-0.03723057,0.00000000,600,113.958258180,22.532361777
point,601.000,521.062,263.163,175.590,0.25393107,-0.03723057,0.00000000,601,113.958267587,22.532364032
point,602.000,522.030,263.414,175.553,0.25393107,-0.03723057,0.00000000,602,113.958276994,22.532366288
point,603.000,522.997,263.665,175.515,0.25393107,-0.03723057,0.00000000,603,113.958286401,22.532368543
point,604.000,523.964,263.916,175.478,0.25393107,-0.03723057,0.00000000,604,113.958295808,22.532370798
point,605.000,524.931,264.167,175.441,0.25393107,-0.03723057,0.00000000,605,113.958305215,22.532373053
point,606.000,525.899,264.418,175.404,0.25393107,-0.03723057,0.00000000,606,113.958314622,22.532375308
point,607.000,526.866,264.669,175.367,0.25393107,-0.03723057,0.00000000,607,113.958324029,22.532377563
point,608.000,527.833,264.920,175.329,0.25393107,-0.03723057,0.00000000,608,113.958333437,22.532379818
point,609.000,528.801,265.171,175.292,0.25393107,-0.03723057,0.00000000,609,113.958342844,22.532382073
point,610.000,529.768,265.422,175.255,0.25393107,-0.03723057,0.00000000,610,113.958352251,22.532384328
point,611.000,530.735,265.673,175.218,0.25393107,-0.03723057,0.00000000,611,113.958361658,22.532386583
point,612.000,531.702,265.924,175.181,0.25393107,-0.03723057,0.00000000,612,113.958371065,22.532388839
point,613.000,532.670,266.175,175.143,0.25393107,-0.03723057,0.00000000,613,113.958380472,22.532391094
point,614.000,533.637,266.426,175.106,0.25393107,-0.03723057,0.00000000,614,113.958389879,22.532393349
point,615.000,534.604,266.677,175.069,0.25673847,-0.05112628,0.00281006,615,113.958399287,22.532395604
point,616.000,535.568,266.933,175.004,0.26289823,-0.08161355,0.00335075,616,113.958408662,22.532397903
point,617.000,536.528,267.195,174.906,0.26625269,-0.09821494,0.00000000,617,113.958418000,22.532400256
point,618.000,537.488,267.457,174.809,0.26625269,-0.09821494,0.00000000,618,113.958427338,22.532402608
point,619.000,538.449,267.719,174.711,0.26625269,-0.09821494,0.00000000,619,113.958436676,22.532404960
point,620.000,539.409,267.981,174.613,0.26625269,-0.09821494,0.00000000,620,113.958446014,22.532407313
point,621.000,540.369,268.243,174.515,0.26625269,-0.09821494,0.00000000,621,113.958455352,22.532409665
point,622.000,541.329,268.505,174.418,0.26625269,-0.09821494,0.00000000,622,113.958464690,22.532412017
point,623.000,542.289,268.766,174.320,0.26625269,-0.09821494,0.00000000,623,113.958474028,22.532414370
point,624.000,543.249,269.028,174.222,0.26625269,-0.09821494,0.00000000,624,113.958483365,22.532416722
point,625.000,544.209,269.290,174.124,0.26625269,-0.09821494,0.00000000,625,113.958492703,22.532419074
point,626.000,545.170,269.552,174.027,0.26625269,-0.09821494,0.00000000,626,113.958502041,22.532421427
point,627.000,546.130,269.814,173.929,0.26625269,-0.09821494,0.00000000,627,113.958511379,22.532423779
point,628.000,547.090,270.076,173.831,0.26625269,-0.09821494,0.00000000,628,113.958520717,22.532426131
point,629.000,548.050,270.338,173.733,0.26625269,-0.09821494,0.00000000,629,113.958530055,22.532428483
point,630.000,549.010,270.599,173.636,0.26625269,-0.09821494,0.00000000,630,113.958539393,22.532430836
point,631.000,549.970,270.861,173.538,0.26625269,-0.09821494,0.00000000,631,113.958548731,22.532433188
point,632.000,550.930,271.123,173.440,0.26625269,-0.09821494,0.00000000,632,113.958558069,22.532435540
point,633.000,551.891,271.385,173.342,0.26625269,-0.09821494,0.00000000,633,113.958567407,22.532437893
point,634.000,552.851,271.647,173.245,0.26625269,-0.09821494,0.00000000,634,113.958576745,22.532440245
point,635.000,553.811,271.909,173.147,0.26748510,-0.09557821,0.00123215,635,113.958586082,22.532442597
point,636.000,554.771,272.173,173.054,0.27504063,-0.07941012,0.00631663,636,113.958595418,22.532444972
point,637.000,555.729,272.450,172.989,0.28135024,-0.06590466,0.00000000,637,113.958604741,22.532447461
point,638.000,556.688,272.727,172.923,0.28135024,-0.06590466,0.00000000,638,113.958614064,22.532449949
point,639.000,557.647,273.004,172.857,0.28135024,-0.06590466,0.00000000,639,113.958623387,22.532452438
point,640.000,558.605,273.281,172.791,0.28135024,-0.06590466,0.00000000,640,113.958632710,22.532454927
point,641.000,559.564,273.558,172.726,0.28135024,-0.06590466,0.00000000,641,113.958642033,22.532457416
point,642.000,560.522,273.835,172.660,0.28135024,-0.06590466,0.00000000,642,113.958651356,22.532459905
point,643.000,561.481,274.112,172.594,0.28135024,-0.06590466,0.00000000,643,113.958660678,22.532462393
point,644.000,562.440,274.389,172.528,0.28135024,-0.06590466,0.00000000,644,113.958670001,22.532464882
point,645.000,563.398,274.666,172.463,0.28135024,-0.06590466,0.00000000,645,113.958679324,22.532467371
point,646.000,564.357,274.944,172.397,0.28135024,-0.06590466,0.00000000,646,113.958688647,22.532469860
point,647.000,565.315,275.221,172.331,0.28135024,-0.06590466,0.00000000,647,113.958697970,22.532472349
point,648.000,566.274,275.498,172.265,0.28135024,-0.06590466,0.00000000,648,113.958707293,22.532474837
point,649.000,567.233,275.775,172.200,0.28135024,-0.06590466,0.00000000,649,113.958716616,22.532477326
point,650.000,568.191,276.052,172.134,0.28135024,-0.06590466,0.00000000,650,113.958725939,22.532479815
point,651.000,569.150,276.329,172.068,0.28135024,-0.06590466,0.00000000,651,113.958735262,22.532482304
point,652.000,570.108,276.606,172.002,0.28135024,-0.06590466,0.00000000,652,113.958744585,22.532484793
point,653.000,571.067,276.883,171.936,0.28135024,-0.06590466,0.00000000,653,113.958753908,22.532487281
point,654.000,572.026,277.160,171.871,0.28135024,-0.06590466,0.00000000,654,113.958763231,22.532489770
point,655.000,572.984,277.437,171.805,0.28135024,-0.06590466,0.00000000,655,113.958772554,22.532492259
point,656.000,573.943,277.714,171.739,0.28700622,-0.03802969,0.00565262,656,113.958781876,22.532494748
point,657.000,574.899,278.002,171.729,0.29591349,0.00587117,0.00325680,657,113.958791179,22.532497337
point,658.000,575.855,278.297,171.751,0.29916908,0.02191689,0.00000000,658,113.958800471,22.532499984
point,659.000,576.810,278.592,171.773,0.29916908,0.02191689,0.00000000,659,113.958809762,22.532502631
point,660.000,577.765,278.886,171.795,0.29916908,0.02191689,0.00000000,660,113.958819053,22.532505278
point,661.000,578.721,279.181,171.817,0.29916908,0.02191689,0.00000000,661,113.958828345,22.532507925
point,662.000,579.676,279.476,171.839,0.29916908,0.02191689,0.00000000,662,113.958837636,22.532510572
point,663.000,580.631,279.770,171.860,0.29916908,0.02191689,0.00000000,663,113.958846927,22.532513219
point,664.000,581.587,280.065,171.882,0.29916908,0.02191689,0.00000000,664,113.958856219,22.532515865
point,665.000,582.542,280.360,171.904,0.29916908,0.02191689,0.00000000,665,113.958865510,22.532518512
point,666.000,583.497,280.654,171.926,0.29916908,0.02191689,0.00000000,666,113.958874801,22.532521159
point,667.000,584.453,280.949,171.948,0.29916908,0.02191689,0.00000000,667,113.958884093,22.532523806
point,668.000,585.408,281.243,171.970,0.29916908,0.02191689,0.00000000,668,113.958893384,22.532526453
point,669.000,586.364,281.538,171.992,0.29916908,0.02191689,0.00000000,669,113.958902675,22.532529100
point,670.000,587.319,281.833,172.014,0.29916908,0.02191689,0.00000000,670,113.958911967,22.532531747
point,671.000,588.274,282.127,172.036,0.29916908,0.02191689,0.00000000,671,113.958921258,22.532534394
point,672.000,589.230,282.422,172.058,0.29916908,0.02191689,0.00000000,672,113.958930549,22.532537041
point,673.000,590.185,282.717,172.080,0.29916908,0.02191689,0.00000000,673,113.958939841,22.532539688
point,674.000,591.140,283.011,172.102,0.29916908,0.02191689,0.00000000,674,113.958949132,22.532542335
point,675.000,592.096,283.306,172.123,0.29916908,0.02191689,0.00000000,675,113.958958423,22.532544982
point,676.000,593.051,283.601,172.145,0.29916908,0.02191689,0.00000000,676,113.958967715,22.532547629
point,677.000,594.006,283.895,172.167,0.30889909,0.05776322,0.00975086,677,113.958977006,22.532550276
point,678.000,594.952,284.207,172.261,0.31917537,0.09561610,0.00050462,678,113.958986200,22.532553077
point,679.000,595.897,284.520,172.358,0.31968005,0.09747486,0.00000000,679,113.958995389,22.532555887
point,680.000,596.841,284.833,172.455,0.31968005,0.09747486,0.00000000,680,113.959004579,22.532558697
point,681.000,597.786,285.146,172.552,0.31968005,0.09747486,0.00000000,681,113.959013768,22.532561507
point,682.000,598.731,285.458,172.649,0.31968005,0.09747486,0.00000000,682,113.959022957,22.532564316
point,683.000,599.676,285.771,172.746,0.31968005,0.09747486,0.00000000,683,113.959032147,22.532567126
point,684.000,600.621,286.084,172.843,0.31968005,0.09747486,0.00000000,684,113.959041336,22.532569936
point,685.000,601.566,286.397,172.940,0.31968005,0.09747486,0.00000000,685,113.959050525,22.532572746
point,686.000,602.511,286.710,173.037,0.31968005,0.09747486,0.00000000,686,113.959059714,22.532575555
point,687.000,603.455,287.022,173.134,0.31968005,0.09747486,0.00000000,687,113.959068904,22.532578365
point,688.000,604.400,287.335,173.231,0.31968005,0.09747486,0.00000000,688,113.959078093,22.532581175
point,689.000,605.345,287.648,173.328,0.31968005,0.09747486,0.00000000,689,113.959087282,22.532583985
point,690.000,606.290,287.961,173.425,0.31968005,0.09747486,0.00000000,690,113.959096471,22.532586794
point,691.000,607.235,288.273,173.522,0.31968005,0.09747486,0.00000000,691,113.959105661,22.532589604
point,692.000,608.180,288.586,173.619,0.31968005,0.09747486,0.00000000,692,113.959114850,22.532592414
point,693.000,609.125,288.899,173.716,0.31968005,0.09747486,0.00000000,693,113.959124039,22.532595224
point,694.000,610.069,289.212,173.813,0.31968005,0.09747486,0.00000000,694,113.959133229,22.532598034
point,695.000,611.014,289.525,173.910,0.31968005,0.09747486,0.00000000,695,113.959142418,22.532600843
point,696.000,611.959,289.837,174.007,0.31968005,0.09747486,0.00000000,696,113.959151607,22.532603653
point,697.000,612.904,290.150,174.104,0.32054943,0.09768019,0.00086940,697,113.959160796,22.532606463
point,698.000,613.848,290.465,174.201,0.33214055,0.10041065,0.01072427,698,113.959169980,22.532609287
point,699.000,614.785,290.799,174.304,0.34286740,0.10292552,0.00000000,699,113.959179091,22.532612291
point,700.000,615.722,291.133,174.406,0.34286740,0.10292552,0.00000000,700,113.959188202,22.532615295
point,701.000,616.659,291.468,174.508,0.34286740,0.10292552,0.00000000,701,113.959197314,22.532618300
point,702.000,617.596,291.802,174.611,0.34286740,0.10292552,0.00000000,702,113.959206425,22.532621304
point,703.000,618.533,292.137,174.713,0.34286740,0.10292552,0.00000000,703,113.959215537,22.532624308
point,704.000,619.469,292.471,174.816,0.34286740,0.10292552,0.00000000,704,113.959224648,22.532627312
point,705.000,620.406,292.805,174.918,0.34286740,0.10292552,0.00000000,705,113.959233759,22.532630316
point,706.000,621.343,293.140,175.020,0.34286740,0.10292552,0.00000000,706,113.959242871,22.532633320
point,707.000,622.280,293.474,175.123,0.34286740,0.10292552,0.00000000,707,113.959251982,22.532636325
point,708.000,623.217,293.809,175.225,0.34286740,0.10292552,0.00000000,708,113.959261093,22.532639329
point,709.000,624.154,294.143,175.328,0.34286740,0.10292552,0.00000000,709,113.959270205,22.532642333
point,710.000,625.090,294.478,175.430,0.34286740,0.10292552,0.00000000,710,113.959279316,22.532645337
point,711.000,626.027,294.812,175.532,0.34286740,0.10292552,0.00000000,711,113.959288427,22.532648341
point,712.000,626.964,295.146,175.635,0.34286740,0.10292552,0.00000000,712,113.959297539,22.532651345
point,713.000,627.901,295.481,175.737,0.34286740,0.10292552,0.00000000,713,113.959306650,22.532654350
point,714.000,628.838,295.815,175.839,0.34286740,0.10292552,0.00000000,714,113.959315761,22.532657354
point,715.000,629.775,296.150,175.942,0.34286740,0.10292552,0.00000000,715,113.959324873,22.532660358
point,716.000,630.712,296.484,176.044,0.34286740,0.10292552,0.00000000,716,113.959333984,22.532663362
point,717.000,631.648,296.819,176.147,0.34286740,0.10292552,0.00000000,717,113.959343095,22.532666366
point,718.000,632.585,297.153,176.249,0.34519885,0.09582159,0.00233046,718,113.959352207,22.532669370
point,719.000,633.521,297.492,176.337,0.35814294,0.05637243,0.01059274,719,113.959361311,22.532672416
point,720.000,634.454,297.852,176.361,0.36871380,0.02414876,0.00000000,720,113.959370380,22.532675653
point,721.000,635.386,298.213,176.386,0.36871380,0.02414876,0.00000000,721,113.959379449,22.532678890
point,722.000,636.319,298.573,176.410,0.36871380,0.02414876,0.00000000,722,113.959388519,22.532682127
point,723.000,637.251,298.933,176.434,0.36871380,0.02414876,0.00000000,723,113.959397588,22.532685363
point,724.000,638.184,299.294,176.458,0.36871380,0.02414876,0.00000000,724,113.959406657,22.532688600
point,725.000,639.116,299.654,176.482,0.36871380,0.02414876,0.00000000,725,113.959415726,22.532691837
point,726.000,640.049,300.014,176.506,0.36871380,0.02414876,0.00000000,726,113.959424796,22.532695073
point,727.000,640.981,300.375,176.530,0.36871380,0.02414876,0.00000000,727,113.959433865,22.532698310
point,728.000,641.914,300.735,176.555,0.36871380,0.02414876,0.00000000,728,113.959442934,22.532701547
point,729.000,642.846,301.095,176.579,0.36871380,0.02414876,0.00000000,729,113.959452004,22.532704784
point,730.000,643.779,301.455,176.603,0.36871380,0.02414876,0.00000000,730,113.959461073,22.532708020
point,731.000,644.712,301.816,176.627,0.36871380,0.02414876,0.00000000,731,113.959470142,22.532711257
point,732.000,645.644,302.176,176.651,0.36871380,0.02414876,0.00000000,732,113.959479211,22.532714494
point,733.000,646.577,302.536,176.675,0.36871380,0.02414876,0.00000000,733,113.959488281,22.532717731
point,734.000,647.509,302.897,176.699,0.36871380,0.02414876,0.00000000,734,113.959497350,22.532720967
point,735.000,648.442,303.257,176.724,0.36871380,0.02414876,0.00000000,735,113.959506419,22.532724204
point,736.000,649.374,303.617,176.748,0.36871380,0.02414876,0.00000000,736,113.959515489,22.532727441
point,737.000,650.307,303.978,176.772,0.36871380,0.02414876,0.00000000,737,113.959524558,22.532730677
point,738.000,651.239,304.338,176.796,0.36871380,0.02414876,0.00000000,738,113.959533627,22.532733914
point,739.000,652.172,304.698,176.820,0.37531173,-0.00474762,0.00660553,739,113.959542697,22.532737151
point,740.000,653.097,305.070,176.787,0.38954416,-0.06707783,0.00762859,740,113.959551698,22.532740490
point,741.000,654.015,305.455,176.687,0.39718203,-0.10052272,0.00000000,741,113.959560622,22.532743948
point,742.000,654.932,305.840,176.586,0.39718203,-0.10052272,0.00000000,742,113.959569545,22.532747405
point,743.000,655.850,306.225,176.486,0.39718203,-0.10052272,0.00000000,743,113.959578469,22.532750863
point,744.000,656.767,306.610,176.386,0.39718203,-0.10052272,0.00000000,744,113.959587392,22.532754320
point,745.000,657.685,306.994,176.286,0.39718203,-0.10052272,0.00000000,745,113.959596316,22.532757778
point,746.000,658.602,307.379,176.186,0.39718203,-0.10052272,0.00000000,746,113.959605239,22.532761235
point,747.000,659.520,307.764,176.086,0.39718203,-0.10052272,0.00000000,747,113.959614163,22.532764693
point,748.000,660.437,308.149,175.986,0.39718203,-0.10052272,0.00000000,748,113.959623086,22.532768150
point,749.000,661.355,308.534,175.886,0.39718203,-0.10052272,0.00000000,749,113.959632010,22.532771607
point,750.000,662.273,308.919,175.786,0.39718203,-0.10052272,0.00000000,750,113.959640933,22.532775065
point,751.000,663.190,309.304,175.686,0.39718203,-0.10052272,0.00000000,751,113.959649857,22.532778522
point,752.000,664.108,309.689,175.586,0.39718203,-0.10052272,0.00000000,752,113.959658780,22.532781980
point,753.000,665.025,310.073,175.486,0.39718203,-0.10052272,0.00000000,753,113.959667704,22.532785437
point,754.000,665.943,310.458,175.386,0.39718203,-0.10052272,0.00000000,754,113.959676627,22.532788895
point,755.000,666.860,310.843,175.286,0.39718203,-0.10052272,0.00000000,755,113.959685551,22.532792352
point,756.000,667.778,311.228,175.186,0.39718203,-0.10052272,0.00000000,756,113.959694474,22.532795810
point,757.000,668.695,311.613,175.086,0.39718203,-0.10052272,0.00000000,757,113.959703398,22.532799267
point,758.000,669.613,311.998,174.986,0.39718203,-0.10052272,0.00000000,758,113.959712321,22.532802724
point,759.000,670.530,312.383,174.886,0.39718203,-0.10052272,0.00000000,759,113.959721245,22.532806182
point,760.000,671.448,312.768,174.786,0.40958763,-0.14106681,0.01248121,760,113.959730169,22.532809639
point,761.000,672.345,313.170,174.607,0.42516467,-0.19194437,0.00302448,761,113.959738890,22.532813257
point,762.000,673.236,313.577,174.409,0.42819342,-0.20183182,0.00000000,762,113.959747562,22.532816914
point,763.000,674.128,313.984,174.211,0.42819342,-0.20183182,0.00000000,763,113.959756235,22.532820570
point,764.000,675.020,314.391,174.014,0.42819342,-0.20183182,0.00000000,764,113.959764908,22.532824226
point,765.000,675.911,314.798,173.816,0.42819342,-0.20183182,0.00000000,765,113.959773580,22.532827883
point,766.000,676.803,315.205,173.618,0.42819342,-0.20183182,0.00000000,766,113.959782253,22.532831539
point,767.000,677.695,315.612,173.420,0.42819342,-0.20183182,0.00000000,767,113.959790926,22.532835195
point,768.000,678.587,316.020,173.222,0.42819342,-0.20183182,0.00000000,768,113.959799598,22.532838852
point,769.000,679.478,316.427,173.024,0.42819342,-0.20183182,0.00000000,769,113.959808271,22.532842508
point,770.000,680.370,316.834,172.827,0.42819342,-0.20183182,0.00000000,770,113.959816944,22.532846164
point,771.000,681.262,317.241,172.629,0.42819342,-0.20183182,0.00000000,771,113.959825616,22.532849821
point,772.000,682.154,317.648,172.431,0.42819342,-0.20183182,0.00000000,772,113.959834289,22.532853477
point,773.000,683.045,318.055,172.233,0.42819342,-0.20183182,0.00000000,773,113.959842962,22.532857133
point,774.000,683.937,318.462,172.035,0.42819342,-0.20183182,0.00000000,774,113.959851634,22.532860790
point,775.000,684.829,318.869,171.837,0.42819342,-0.20183182,0.00000000,775,113.959860307,22.532864446
point,776.000,685.721,319.276,171.640,0.42819342,-0.20183182,0.00000000,776,113.959868980,22.532868102
point,777.000,686.612,319.683,171.442,0.42819342,-0.20183182,0.00000000,777,113.959877652,22.532871759
point,778.000,687.504,320.090,171.244,0.42819342,-0.20183182,0.00000000,778,113.959886325,22.532875415
point,779.000,688.396,320.497,171.046,0.42819342,-0.20183182,0.00000000,779,113.959894998,22.532879071
point,780.000,689.288,320.904,170.848,0.42922811,-0.20238864,0.00103483,780,113.959903670,22.532882728
point,781.000,690.178,321.313,170.649,0.44590685,-0.21133397,0.01567002,781,113.959912333,22.532886400
point,782.000,691.053,321.748,170.435,0.46160312,-0.21969873,0.00000000,782,113.959920837,22.532890307
point,783.000,691.927,322.183,170.220,0.46160312,-0.21969873,0.00000000,783,113.959929342,22.532894215
point,784.000,692.802,322.618,170.006,0.46160312,-0.21969873,0.00000000,784,113.959937847,22.532898123
point,785.000,693.676,323.053,169.791,0.46160312,-0.21969873,0.00000000,785,113.959946352,22.532902031
point,786.000,694.551,323.488,169.576,0.46160312,-0.21969873,0.00000000,786,113.959954857,22.532905938
point,787.000,695.425,323.923,169.362,0.46160312,-0.21969873,0.00000000,787,113.959963362,22.532909846
point,788.000,696.300,324.358,169.147,0.46160312,-0.21969873,0.00000000,788,113.959971867,22.532913754
point,789.000,697.174,324.793,168.933,0.46160312,-0.21969873,0.00000000,789,113.959980372,22.532917662
point,790.000,698.049,325.228,168.718,0.46160312,-0.21969873,0.00000000,790,113.959988877,22.532921569
point,791.000,698.923,325.663,168.503,0.46160312,-0.21969873,0.00000000,791,113.959997381,22.532925477
point,792.000,699.797,326.098,168.289,0.46160312,-0.21969873,0.00000000,792,113.960005886,22.532929385
point,793.000,700.672,326.533,168.074,0.46160312,-0.21969873,0.00000000,793,113.960014391,22.532933293
point,794.000,701.546,326.968,167.860,0.46160312,-0.21969873,0.00000000,794,113.960022896,22.532937200
point,795.000,702.421,327.403,167.645,0.46160312,-0.21969873,0.00000000,795,113.960031401,22.532941108
point,796.000,703.295,327.838,167.431,0.46160312,-0.21969873,0.00000000,796,113.960039906,22.532945016
point,797.000,704.170,328.273,167.216,0.46160312,-0.21969873,0.00000000,797,113.960048411,22.532948924
point,798.000,705.044,328.708,167.001,0.46160312,-0.21969873,0.00000000,798,113.960056916,22.532952831
point,799.000,705.919,329.143,166.787,0.46160312,-0.21969873,0.00000000,799,113.960065421,22.532956739
point,800.000,706.793,329.578,166.572,0.46160312,-0.21969873,0.00000000,800,113.960073926,22.532960647
point,801.000,707.668,330.013,166.358,0.47095038,-0.19857185,0.00931404,801,113.960082430,22.532964555
point,802.000,708.540,330.467,166.183,0.48873141,-0.15833644,0.00847126,802,113.960090915,22.532968637
point,803.000,709.411,330.940,166.045,0.49717370,-0.13921466,0.00000000,803,113.960099382,22.532972881
point,804.000,710.281,331.412,165.907,0.49717370,-0.13921466,0.00000000,804,113.960107848,22.532977124
point,805.000,711.152,331.884,165.769,0.49717370,-0.13921466,0.00000000,805,113.960116315,22.532981368
point,806.000,712.022,332.357,165.631,0.49717370,-0.13921466,0.00000000,806,113.960124782,22.532985611
point,807.000,712.893,332.829,165.494,0.49717370,-0.13921466,0.00000000,807,113.960133248,22.532989855
point,808.000,713.764,333.301,165.356,0.49717370,-0.13921466,0.00000000,808,113.960141715,22.532994098
point,809.000,714.634,333.774,165.218,0.49717370,-0.13921466,0.00000000,809,113.960150181,22.532998342
point,810.000,715.505,334.246,165.080,0.49717370,-0.13921466,0.00000000,810,113.960158648,22.533002585
point,811.000,716.375,334.719,164.942,0.49717370,-0.13921466,0.00000000,811,113.960167114,22.533006829
point,812.000,717.246,335.191,164.804,0.49717370,-0.13921466,0.00000000,812,113.960175581,22.533011072
point,813.000,718.116,335.663,164.666,0.49717370,-0.13921466,0.00000000,813,113.960184047,22.533015316
point,814.000,718.987,336.136,164.528,0.49717370,-0.13921466,0.00000000,814,113.960192514,22.533019559
point,815.000,719.857,336.608,164.390,0.49717370,-0.13921466,0.00000000,815,113.960200980,22.533023803
point,816.000,720.728,337.081,164.253,0.49717370,-0.13921466,0.00000000,816,113.960209447,22.533028046
point,817.000,721.598,337.553,164.115,0.49717370,-0.13921466,0.00000000,817,113.960217913,22.533032290
point,818.000,722.469,338.025,163.977,0.49717370,-0.13921466,0.00000000,818,113.960226380,22.533036534
point,819.000,723.339,338.498,163.839,0.49717370,-0.13921466,0.00000000,819,113.960234847,22.533040777
point,820.000,724.210,338.970,163.701,0.49717370,-0.13921466,0.00000000,820,113.960243313,22.533045021
point,821.000,725.081,339.443,163.563,0.50800269,-0.09922803,0.01080002,821,113.960251780,22.533049264
point,822.000,725.945,339.936,163.504,0.52667816,-0.03024317,0.00788773,822,113.960260190,22.533053699
point,823.000,726.806,340.446,163.503,0.53454920,-0.00116399,0.00000000,823,113.960268559,22.533058276
point,824.000,727.666,340.955,163.502,0.53454920,-0.00116399,0.00000000,824,113.960276928,22.533062852
point,825.000,728.527,341.465,163.500,0.53454920,-0.00116399,0.00000000,825,113.960285297,22.533067429
point,826.000,729.387,341.974,163.499,0.53454920,-0.00116399,0.00000000,826,113.960293666,22.533072005
point,827.000,730.248,342.484,163.498,0.53454920,-0.00116399,0.00000000,827,113.960302034,22.533076582
point,828.000,731.108,342.993,163.497,0.53454920,-0.00116399,0.00000000,828,113.960310403,22.533081158
point,829.000,731.969,343.502,163.496,0.53454920,-0.00116399,0.00000000,829,113.960318772,22.533085735
point,830.000,732.829,344.012,163.495,0.53454920,-0.00116399,0.00000000,830,113.960327141,22.533090311
point,831.000,733.690,344.521,163.493,0.53454920,-0.00116399,0.00000000,831,113.960335510,22.533094888
point,832.000,734.550,345.031,163.492,0.53454920,-0.00116399,0.00000000,832,113.960343879,22.533099464
point,833.000,735.411,345.540,163.491,0.53454920,-0.00116399,0.00000000,833,113.960352248,22.533104041
point,834.000,736.271,346.050,163.490,0.53454920,-0.00116399,0.00000000,834,113.960360617,22.533108617
point,835.000,737.132,346.559,163.489,0.53454920,-0.00116399,0.00000000,835,113.960368986,22.533113194
point,836.000,737.992,347.069,163.488,0.53454920,-0.00116399,0.00000000,836,113.960377355,22.533117770
point,837.000,738.853,347.578,163.487,0.53454920,-0.00116399,0.00000000,837,113.960385724,22.533122347
point,838.000,739.713,348.087,163.485,0.53454920,-0.00116399,0.00000000,838,113.960394092,22.533126923
point,839.000,740.574,348.597,163.484,0.53454920,-0.00116399,0.00000000,839,113.960402461,22.533131500
point,840.000,741.434,349.106,163.483,0.53749686,0.00810710,0.00294943,840,113.960410830,22.533136076
point,841.000,742.291,349.620,163.500,0.55679148,0.06878772,0.01639265,841,113.960419160,22.533140693
point,842.000,743.125,350.159,163.620,0.57323336,0.12047728,0.00000000,842,113.960427272,22.533145530
point,843.000,743.959,350.697,163.740,0.57323336,0.12047728,0.00000000,843,113.960435384,22.533150367
point,844.000,744.793,351.236,163.859,0.57323336,0.12047728,0.00000000,844,113.960443497,22.533155204
point,845.000,745.627,351.774,163.979,0.57323336,0.12047728,0.00000000,845,113.960451609,22.533160041
point,846.000,746.461,352.313,164.098,0.57323336,0.12047728,0.00000000,846,113.960459722,22.533164878
point,847.000,747.295,352.851,164.218,0.57323336,0.12047728,0.00000000,847,113.960467834,22.533169715
point,848.000,748.130,353.390,164.338,0.57323336,0.12047728,0.00000000,848,113.960475946,22.533174552
point,849.000,748.964,353.928,164.457,0.57323336,0.12047728,0.00000000,849,113.960484059,22.533179389
point,850.000,749.798,354.466,164.577,0.57323336,0.12047728,0.00000000,850,113.960492171,22.533184226
point,851.000,750.632,355.005,164.697,0.57323336,0.12047728,0.00000000,851,113.960500284,22.533189063
point,852.000,751.466,355.543,164.816,0.57323336,0.12047728,0.00000000,852,113.960508396,22.533193900
point,853.000,752.300,356.082,164.936,0.57323336,0.12047728,0.00000000,853,113.960516508,22.533198737
point,854.000,753.134,356.620,165.055,0.57323336,0.12047728,0.00000000,854,113.960524621,22.533203574
point,855.000,753.968,357.159,165.175,0.57323336,0.12047728,0.00000000,855,113.960532733,22.533208411
point,856.000,754.802,357.697,165.295,0.57323336,0.12047728,0.00000000,856,113.960540845,22.533213248
point,857.000,755.637,358.236,165.414,0.57323336,0.12047728,0.00000000,857,113.960548958,22.533218085
point,858.000,756.471,358.774,165.534,0.57323336,0.12047728,0.00000000,858,113.960557070,22.533222922
point,859.000,757.305,359.313,165.653,0.57323336,0.12047728,0.00000000,859,113.960565183,22.533227760
point,860.000,758.139,359.851,165.773,0.59153460,0.13993371,0.01835123,860,113.960573295,22.533232597
point,861.000,758.948,360.417,165.930,0.61125617,0.16084747,0.00132058,861,113.960581167,22.533237678
point,862.000,759.756,360.984,166.091,0.61257697,0.16224597,0.00000000,862,113.960589021,22.533242776
point,863.000,760.564,361.552,166.251,0.61257697,0.16224597,0.00000000,863,113.960596876,22.533247874
point,864.000,761.371,362.119,166.411,0.61257697,0.16224597,0.00000000,864,113.960604730,22.533252973
point,865.000,762.179,362.687,166.571,0.61257697,0.16224597,0.00000000,865,113.960612585,22.533258071
point,866.000,762.986,363.254,166.731,0.61257697,0.16224597,0.00000000,866,113.960620439,22.533263170
point,867.000,763.794,363.822,166.891,0.61257697,0.16224597,0.00000000,867,113.960628294,22.533268268
point,868.000,764.602,364.390,167.052,0.61257697,0.16224597,0.00000000,868,113.960636149,22.533273367
point,869.000,765.409,364.957,167.212,0.61257697,0.16224597,0.00000000,869,113.960644003,22.533278465
point,870.000,766.217,365.525,167.372,0.61257697,0.16224597,0.00000000,870,113.960651858,22.533283564
point,871.000,767.024,366.092,167.532,0.61257697,0.16224597,0.00000000,871,113.960659712,22.533288662
point,872.000,767.832,366.660,167.692,0.61257697,0.16224597,0.00000000,872,113.960667567,22.533293760
point,873.000,768.640,367.227,167.852,0.61257697,0.16224597,0.00000000,873,113.960675421,22.533298859
point,874.000,769.447,367.795,168.012,0.61257697,0.16224597,0.00000000,874,113.960683276,22.533303957
point,875.000,770.255,368.362,168.173,0.61257697,0.16224597,0.00000000,875,113.960691130,22.533309056
point,876.000,771.062,368.930,168.333,0.61257697,0.16224597,0.00000000,876,113.960698985,22.533314154
point,877.000,771.870,369.498,168.493,0.61257697,0.16224597,0.00000000,877,113.960706839,22.533319253
point,878.000,772.678,370.065,168.653,0.61257697,0.16224597,0.00000000,878,113.960714694,22.533324351
point,879.000,773.485,370.633,168.813,0.63106460,0.13783934,0.01842800,879,113.960722549,22.533329450
point,880.000,774.277,371.233,168.926,0.65060631,0.11199009,0.00117307,880,113.960730244,22.533334847
point,881.000,775.067,371.836,169.036,0.65177911,0.11043728,0.00000000,881,113.960737929,22.533340263
point,882.000,775.857,372.439,169.146,0.65177911,0.11043728,0.00000000,882,113.960745615,22.533345679
point,883.000,776.647,373.042,169.255,0.65177911,0.11043728,0.00000000,883,113.960753300,22.533351095
point,884.000,777.437,373.645,169.365,0.65177911,0.11043728,0.00000000,884,113.960760985,22.533356512
point,885.000,778.228,374.248,169.475,0.65177911,0.11043728,0.00000000,885,113.960768670,22.533361928
point,886.000,779.018,374.851,169.585,0.65177911,0.11043728,0.00000000,886,113.960776356,22.533367344
point,887.000,779.808,375.454,169.694,0.65177911,0.11043728,0.00000000,887,113.960784041,22.533372761
point,888.000,780.598,376.057,169.804,0.65177911,0.11043728,0.00000000,888,113.960791726,22.533378177
point,889.000,781.388,376.660,169.914,0.65177911,0.11043728,0.00000000,889,113.960799412,22.533383593
point,890.000,782.179,377.263,170.024,0.65177911,0.11043728,0.00000000,890,113.960807097,22.533389009
point,891.000,782.969,377.866,170.133,0.65177911,0.11043728,0.00000000,891,113.960814782,22.533394426
point,892.000,783.759,378.469,170.243,0.65177911,0.11043728,0.00000000,892,113.960822467,22.533399842
point,893.000,784.549,379.072,170.353,0.65177911,0.11043728,0.00000000,893,113.960830153,22.533405258
point,894.000,785.339,379.675,170.463,0.65177911,0.11043728,0.00000000,894,113.960837838,22.533410674
point,895.000,786.130,380.277,170.573,0.65177911,0.11043728,0.00000000,895,113.960845523,22.533416091
point,896.000,786.920,380.880,170.682,0.65177911,0.11043728,0.00000000,896,113.960853208,22.533421507
point,897.000,787.710,381.483,170.792,0.65935121,0.09072354,0.00756377,897,113.960860894,22.533426923
point,898.000,788.493,382.100,170.863,0.67842828,0.04103642,0.01149979,898,113.960868506,22.533432458
point,899.000,789.264,382.736,170.874,0.68990624,0.01113318,0.00000000,899,113.960876007,22.533438176
point,900.000,790.035,383.372,170.885,0.68990624,0.01113318,0.00000000,900,113.960883508,22.533443893
point,901.000,790.806,384.009,170.896,0.68990624,0.01113318,0.00000000,901,113.960891009,22.533449610
point,902.000,791.578,384.645,170.907,0.68990624,0.01113318,0.00000000,902,113.960898510,22.533455327
point,903.000,792.349,385.282,170.919,0.68990624,0.01113318,0.00000000,903,113.960906011,22.533461044
point,904.000,793.120,385.918,170.930,0.68990624,0.01113318,0.00000000,904,113.960913512,22.533466761
point,905.000,793.891,386.555,170.941,0.68990624,0.01113318,0.00000000,905,113.960921013,22.533472478
point,906.000,794.663,387.191,170.952,0.68990624,0.01113318,0.00000000,906,113.960928515,22.533478195
point,907.000,795.434,387.827,170.963,0.68990624,0.01113318,0.00000000,907,113.960936016,22.533483912
point,908.000,796.205,388.464,170.974,0.68990624,0.01113318,0.00000000,908,113.960943517,22.533489629
point,909.000,796.977,389.100,170.985,0.68990624,0.01113318,0.00000000,909,113.960951018,22.533495347
point,910.000,797.748,389.737,170.996,0.68990624,0.01113318,0.00000000,910,113.960958519,22.533501064
point,911.000,798.519,390.373,171.008,0.68990624,0.01113318,0.00000000,911,113.960966020,22.533506781
point,912.000,799.290,391.009,171.019,0.68990624,0.01113318,0.00000000,912,113.960973521,22.533512498
point,913.000,800.062,391.646,171.030,0.68990624,0.01113318,0.00000000,913,113.960981022,22.533518215
point,914.000,800.833,392.282,171.041,0.68990624,0.01113318,0.00000000,914,113.960988523,22.533523932
point,915.000,801.604,392.919,171.052,0.69440624,0.00262164,0.00450115,915,113.960996024,22.533529649
point,916.000,802.369,393.562,171.046,0.71241227,-0.03143475,0.01351081,916,113.961003465,22.533535426
point,917.000,803.116,394.225,170.989,0.72593016,-0.05699623,0.00000000,917,113.961010727,22.533541379
point,918.000,803.863,394.887,170.932,0.72593016,-0.05699623,0.00000000,918,113.961017989,22.533547333
point,919.000,804.609,395.550,170.876,0.72593016,-0.05699623,0.00000000,919,113.961025251,22.533553286
point,920.000,805.356,396.213,170.819,0.72593016,-0.05699623,0.00000000,920,113.961032513,22.533559240
point,921.000,806.103,396.876,170.762,0.72593016,-0.05699623,0.00000000,921,113.961039775,22.533565194
point,922.000,806.849,397.538,170.705,0.72593016,-0.05699623,0.00000000,922,113.961047037,22.533571147
point,923.000,807.596,398.201,170.648,0.72593016,-0.05699623,0.00000000,923,113.961054299,22.533577101
point,924.000,808.343,398.864,170.591,0.72593016,-0.05699623,0.00000000,924,113.961061561,22.533583055
point,925.000,809.089,399.527,170.534,0.72593016,-0.05699623,0.00000000,925,113.961068823,22.533589008
point,926.000,809.836,400.189,170.477,0.72593016,-0.05699623,0.00000000,926,113.961076085,22.533594962
point,927.000,810.583,400.852,170.420,0.72593016,-0.05699623,0.00000000,927,113.961083347,22.533600916
point,928.000,811.329,401.515,170.363,0.72593016,-0.05699623,0.00000000,928,113.961090608,22.533606869
point,929.000,812.076,402.178,170.306,0.72593016,-0.05699623,0.00000000,929,113.961097870,22.533612823
point,930.000,812.823,402.840,170.250,0.72593016,-0.05699623,0.00000000,930,113.961105132,22.533618776
point,931.000,813.569,403.503,170.193,0.72593016,-0.05699623,0.00000000,931,113.961112394,22.533624730
point,932.000,814.316,404.166,170.136,0.72593016,-0.05699623,0.00000000,932,113.961119656,22.533630684
point,933.000,815.063,404.829,170.079,0.73136994,-0.05282318,0.00543910,933,113.961126918,22.533636637
point,934.000,815.802,405.500,170.030,0.74780006,-0.04021006,0.01098694,934,113.961134111,22.533642665
point,935.000,816.527,406.187,169.999,0.75878223,-0.03177297,0.00000000,935,113.961141166,22.533648843
point,936.000,817.253,406.875,169.967,0.75878223,-0.03177297,0.00000000,936,113.961148220,22.533655020
point,937.000,817.978,407.563,169.935,0.75878223,-0.03177297,0.00000000,937,113.961155274,22.533661198
point,938.000,818.703,408.250,169.903,0.75878223,-0.03177297,0.00000000,938,113.961162328,22.533667376
point,939.000,819.429,408.938,169.871,0.75878223,-0.03177297,0.00000000,939,113.961169382,22.533673553
point,940.000,820.154,409.626,169.840,0.75878223,-0.03177297,0.00000000,940,113.961176436,22.533679731
point,941.000,820.879,410.313,169.808,0.75878223,-0.03177297,0.00000000,941,113.961183491,22.533685909
point,942.000,821.605,411.001,169.776,0.75878223,-0.03177297,0.00000000,942,113.961190545,22.533692086
point,943.000,822.330,411.689,169.744,0.75878223,-0.03177297,0.00000000,943,113.961197599,22.533698264
point,944.000,823.055,412.377,169.713,0.75878223,-0.03177297,0.00000000,944,113.961204653,22.533704441
point,945.000,823.781,413.064,169.681,0.75878223,-0.03177297,0.00000000,945,113.961211707,22.533710619
point,946.000,824.506,413.752,169.649,0.75878223,-0.03177297,0.00000000,946,113.961218762,22.533716797
point,947.000,825.231,414.440,169.617,0.75878223,-0.03177297,0.00000000,947,113.961225816,22.533722974
point,948.000,825.956,415.127,169.586,0.75878223,-0.03177297,0.00000000,948,113.961232870,22.533729152
point,949.000,826.682,415.815,169.554,0.75878223,-0.03177297,0.00000000,949,113.961239924,22.533735330
point,950.000,827.407,416.503,169.522,0.75878223,-0.03177297,0.00000000,950,113.961246978,22.533741507
point,951.000,828.132,417.190,169.490,0.76801574,0.00811496,0.00924500,951,113.961254033,22.533747685
point,952.000,828.843,417.890,169.538,0.78234167,0.06999910,0.00507252,952,113.961260945,22.533753966
point,953.000,829.546,418.595,169.630,0.78741728,0.09192155,0.00000000,953,113.961267779,22.533760304
point,954.000,830.249,419.301,169.721,0.78741728,0.09192155,0.00000000,954,113.961274614,22.533766643
point,955.000,830.951,420.006,169.813,0.78741728,0.09192155,0.00000000,955,113.961281448,22.533772981
point,956.000,831.654,420.712,169.905,0.78741728,0.09192155,0.00000000,956,113.961288283,22.533779319
point,957.000,832.357,421.417,169.996,0.78741728,0.09192155,0.00000000,957,113.961295117,22.533785657
point,958.000,833.059,422.123,170.088,0.78741728,0.09192155,0.00000000,958,113.961301952,22.533791995
point,959.000,833.762,422.829,170.179,0.78741728,0.09192155,0.00000000,959,113.961308786,22.533798333
point,960.000,834.465,423.534,170.271,0.78741728,0.09192155,0.00000000,960,113.961315620,22.533804671
point,961.000,835.168,424.240,170.362,0.78741728,0.09192155,0.00000000,961,113.961322455,22.533811010
point,962.000,835.870,424.945,170.454,0.78741728,0.09192155,0.00000000,962,113.961329289,22.533817348
point,963.000,836.573,425.651,170.545,0.78741728,0.09192155,0.00000000,963,113.961336124,22.533823686
point,964.000,837.276,426.356,170.637,0.78741728,0.09192155,0.00000000,964,113.961342958,22.533830024
point,965.000,837.978,427.062,170.728,0.78741728,0.09192155,0.00000000,965,113.961349793,22.533836362
point,966.000,838.681,427.767,170.820,0.78741728,0.09192155,0.00000000,966,113.961356627,22.533842700
point,967.000,839.384,428.473,170.911,0.78741728,0.09192155,0.00000000,967,113.961363462,22.533849038
point,968.000,840.087,429.179,171.003,0.78823409,0.09765010,0.00081761,968,113.961370296,22.533855377
point,969.000,840.787,429.884,171.106,0.79982577,0.17893763,0.01091331,969,113.961377106,22.533861712
point,970.000,841.454,430.586,171.354,0.81087913,0.25642789,0.00000000,970,113.961383596,22.533868020
point,971.000,842.121,431.288,171.602,0.81087913,0.25642789,0.00000000,971,113.961390086,22.533874328
point,972.000,842.789,431.990,171.851,0.81087913,0.25642789,0.00000000,972,113.961396575,22.533880636
point,973.000,843.456,432.693,172.099,0.81087913,0.25642789,0.00000000,973,113.961403065,22.533886943
point,974.000,844.123,433.395,172.348,0.81087913,0.25642789,0.00000000,974,113.961409555,22.533893251
point,975.000,844.790,434.097,172.596,0.81087913,0.25642789,0.00000000,975,113.961416045,22.533899559
point,976.000,845.458,434.799,172.844,0.81087913,0.25642789,0.00000000,976,113.961422534,22.533905867
point,977.000,846.125,435.501,173.093,0.81087913,0.25642789,0.00000000,977,113.961429024,22.533912174
point,978.000,846.792,436.203,173.341,0.81087913,0.25642789,0.00000000,978,113.961435514,22.533918482
point,979.000,847.459,436.906,173.590,0.81087913,0.25642789,0.00000000,979,113.961442004,22.533924790
point,980.000,848.127,437.608,173.838,0.81087913,0.25642789,0.00000000,980,113.961448494,22.533931098
point,981.000,848.794,438.310,174.086,0.81087913,0.25642789,0.00000000,981,113.961454983,22.533937405
point,982.000,849.461,439.012,174.335,0.81087913,0.25642789,0.00000000,982,113.961461473,22.533943713
point,983.000,850.129,439.714,174.583,0.81087913,0.25642789,0.00000000,983,113.961467963,22.533950021
point,984.000,850.796,440.416,174.832,0.81087913,0.25642789,0.00000000,984,113.961474453,22.533956329
point,985.000,851.463,441.119,175.080,0.81087913,0.25642789,0.00000000,985,113.961480942,22.533962636
point,986.000,852.130,441.821,175.328,0.81208064,0.26459279,0.00120439,986,113.961487432,22.533968944
point,987.000,852.793,442.521,175.591,0.82071358,0.32324597,0.00753580,987,113.961493875,22.533975236
point,988.000,853.426,443.211,175.943,0.82835951,0.37517336,0.00000000,988,113.961500031,22.533981433
point,989.000,854.059,443.901,176.294,0.82835951,0.37517336,0.00000000,989,113.961506188,22.533987631
point,990.000,854.692,444.591,176.645,0.82835951,0.37517336,0.00000000,990,113.961512344,22.533993828
point,991.000,855.325,445.281,176.996,0.82835951,0.37517336,0.00000000,991,113.961518501,22.534000025
point,992.000,855.958,445.971,177.348,0.82835951,0.37517336,0.00000000,992,113.961524657,22.534006222
point,993.000,856.591,446.660,177.699,0.82835951,0.37517336,0.00000000,993,113.961530814,22.534012419
point,994.000,857.224,447.350,178.050,0.82835951,0.37517336,0.00000000,994,113.961536970,22.534018617
point,995.000,857.857,448.040,178.401,0.82835951,0.37517336,0.00000000,995,113.961543127,22.534024814
point,996.000,858.490,448.730,178.753,0.82835951,0.37517336,0.00000000,996,113.961549283,22.534031011
point,997.000,859.123,449.420,179.104,0.82835951,0.37517336,0.00000000,997,113.961555439,22.534037208
point,998.000,859.756,450.110,179.455,0.82835951,0.37517336,0.00000000,998,113.961561596,22.534043405
point,999.000,860.389,450.800,179.807,0.82835951,0.37517336,0.00000000,999,113.961567752,22.534049603
point,1000.000,861.022,451.490,180.158,0.82835951,0.37517336,0.00000000,1000,113.961573909,22.534055800
point,1001.000,861.655,452.179,180.509,0.82835951,0.37517336,0.00000000,1001,113.961580065,22.534061997
point,1002.000,862.288,452.869,180.860,0.82835951,0.37517336,0.00000000,1002,113.961586222,22.534068194
point,1003.000,862.921,453.559,181.212,0.82835951,0.37517336,0.00000000,1003,113.961592378,22.534074391
point,1004.000,863.554,454.249,181.563,0.82835951,0.37517336,0.00000000,1004,113.961598535,22.534080589
point,1005.000,864.187,454.939,181.914,0.83212106,0.37873671,0.00376604,1005,113.961604691,22.534086786
point,1006.000,864.813,455.632,182.271,0.83756745,0.38388660,0.00167674,1006,113.961610783,22.534093011
point,1007.000,865.436,456.326,182.631,0.83924507,0.38547060,0.00000000,1007,113.961616845,22.534099248
point,1008.000,866.060,457.021,182.991,0.83924507,0.38547060,0.00000000,1008,113.961622907,22.534105486
point,1009.000,866.683,457.715,183.350,0.83924507,0.38547060,0.00000000,1009,113.961628970,22.534111723
point,1010.000,867.306,458.409,183.710,0.83924507,0.38547060,0.00000000,1010,113.961635032,22.534117960
point,1011.000,867.930,459.104,184.070,0.83924507,0.38547060,0.00000000,1011,113.961641094,22.534124198
point,1012.000,868.553,459.798,184.429,0.83924507,0.38547060,0.00000000,1012,113.961647156,22.534130435
point,1013.000,869.176,460.492,184.789,0.83924507,0.38547060,0.00000000,1013,113.961653219,22.534136672
point,1014.000,869.800,461.187,185.149,0.83924507,0.38547060,0.00000000,1014,113.961659281,22.534142910
point,1015.000,870.423,461.881,185.508,0.83924507,0.38547060,0.00000000,1015,113.961665343,22.534149147
point,1016.000,871.046,462.575,185.868,0.83924507,0.38547060,0.00000000,1016,113.961671406,22.534155385
point,1017.000,871.670,463.270,186.228,0.83924507,0.38547060,0.00000000,1017,113.961677468,22.534161622
point,1018.000,872.293,463.964,186.587,0.83924507,0.38547060,0.00000000,1018,113.961683530,22.534167859
point,1019.000,872.916,464.658,186.947,0.83924507,0.38547060,0.00000000,1019,113.961689593,22.534174097
point,1020.000,873.540,465.353,187.307,0.83924507,0.38547060,0.00000000,1020,113.961695655,22.534180334
point,1021.000,874.163,466.047,187.666,0.83924507,0.38547060,0.00000000,1021,113.961701717,22.534186571
point,1022.000,874.786,466.741,188.026,0.83924507,0.38547060,0.00000000,1022,113.961707780,22.534192809
point,1023.000,875.410,467.436,188.386,0.83972713,0.37333425,0.00048033,1023,113.961713842,22.534199046
point,1024.000,876.037,468.136,188.725,0.84169448,0.32380377,0.00147223,1024,113.961719942,22.534205334
point,1025.000,876.676,468.853,189.001,0.84315019,0.28715348,0.00000000,1025,113.961726159,22.534211781
point,1026.000,877.315,469.571,189.277,0.84315019,0.28715348,0.00000000,1026,113.961732377,22.534218229
point,1027.000,877.955,470.289,189.553,0.84315019,0.28715348,0.00000000,1027,113.961738594,22.534224677
point,1028.000,878.594,471.007,189.829,0.84315019,0.28715348,0.00000000,1028,113.961744812,22.534231124
point,1029.000,879.233,471.724,190.105,0.84315019,0.28715348,0.00000000,1029,113.961751029,22.534237572
point,1030.000,879.872,472.442,190.381,0.84315019,0.28715348,0.00000000,1030,113.961757247,22.534244019
point,1031.000,880.512,473.160,190.657,0.84315019,0.28715348,0.00000000,1031,113.961763464,22.534250467
point,1032.000,881.151,473.878,190.933,0.84315019,0.28715348,0.00000000,1032,113.961769682,22.534256914
point,1033.000,881.790,474.595,191.209,0.84315019,0.28715348,0.00000000,1033,113.961775900,22.534263362
point,1034.000,882.429,475.313,191.485,0.84315019,0.28715348,0.00000000,1034,113.961782117,22.534269809
point,1035.000,883.069,476.031,191.761,0.84315019,0.28715348,0.00000000,1035,113.961788335,22.534276257
point,1036.000,883.708,476.748,192.037,0.84315019,0.28715348,0.00000000,1036,113.961794552,22.534282704
point,1037.000,884.347,477.466,192.313,0.84315019,0.28715348,0.00000000,1037,113.961800770,22.534289152
point,1038.000,884.987,478.184,192.589,0.84315019,0.28715348,0.00000000,1038,113.961806987,22.534295600
point,1039.000,885.626,478.902,192.865,0.84315019,0.28715348,0.00000000,1039,113.961813205,22.534302047
point,1040.000,886.265,479.619,193.141,0.84315019,0.28715348,0.00000000,1040,113.961819422,22.534308495
point,1041.000,886.904,480.337,193.417,0.84257704,0.26138613,0.00057019,1041,113.961825640,22.534314942
point,1042.000,887.551,481.062,193.646,0.84096296,0.18882116,0.00103691,1042,113.961831930,22.534321450
point,1043.000,888.212,481.799,193.788,0.83993599,0.14265061,0.00000000,1043,113.961838357,22.534328072
point,1044.000,888.873,482.536,193.929,0.83993599,0.14265061,0.00000000,1044,113.961844784,22.534334694
point,1045.000,889.534,483.273,194.070,0.83993599,0.14265061,0.00000000,1045,113.961851212,22.534341316
point,1046.000,890.195,484.010,194.211,0.83993599,0.14265061,0.00000000,1046,113.961857639,22.534347938
point,1047.000,890.855,484.747,194.352,0.83993599,0.14265061,0.00000000,1047,113.961864066,22.534354559
point,1048.000,891.516,485.484,194.494,0.83993599,0.14265061,0.00000000,1048,113.961870493,22.534361181
point,1049.000,892.177,486.222,194.635,0.83993599,0.14265061,0.00000000,1049,113.961876920,22.534367803
point,1050.000,892.838,486.959,194.776,0.83993599,0.14265061,0.00000000,1050,113.961883347,22.534374425
point,1051.000,893.499,487.696,194.917,0.83993599,0.14265061,0.00000000,1051,113.961889774,22.534381047
point,1052.000,894.159,488.433,195.058,0.83993599,0.14265061,0.00000000,1052,113.961896201,22.534387669
point,1053.000,894.820,489.170,195.200,0.83993599,0.14265061,0.00000000,1053,113.961902628,22.534394290
point,1054.000,895.481,489.907,195.341,0.83993599,0.14265061,0.00000000,1054,113.961909055,22.534400912
point,1055.000,896.142,490.644,195.482,0.83993599,0.14265061,0.00000000,1055,113.961915482,22.534407534
point,1056.000,896.803,491.382,195.623,0.83993599,0.14265061,0.00000000,1056,113.961921909,22.534414156
point,1057.000,897.464,492.119,195.765,0.83993599,0.14265061,0.00000000,1057,113.961928336,22.534420778
point,1058.000,898.124,492.856,195.906,0.83993599,0.14265061,0.00000000,1058,113.961934763,22.534427400
point,1059.000,898.785,493.593,196.047,0.83500669,0.09232356,0.00490730,1059,113.961941190,22.534434021
point,1060.000,899.459,494.330,196.089,0.82991905,0.04037755,0.00020230,1060,113.961947746,22.534440644
point,1061.000,900.134,495.067,196.128,0.82971679,0.03831238,0.00000000,1061,113.961954307,22.534447266
point,1062.000,900.808,495.805,196.166,0.82971679,0.03831238,0.00000000,1062,113.961960868,22.534453888
point,1063.000,901.483,496.542,196.204,0.82971679,0.03831238,0.00000000,1063,113.961967429,22.534460511
point,1064.000,902.158,497.279,196.243,0.82971679,0.03831238,0.00000000,1064,113.961973990,22.534467133
point,1065.000,902.832,498.016,196.281,0.82971679,0.03831238,0.00000000,1065,113.961980551,22.534473756
point,1066.000,903.507,498.753,196.319,0.82971679,0.03831238,0.00000000,1066,113.961987112,22.534480378
point,1067.000,904.181,499.491,196.357,0.82971679,0.03831238,0.00000000,1067,113.961993673,22.534487000
point,1068.000,904.856,500.228,196.396,0.82971679,0.03831238,0.00000000,1068,113.962000234,22.534493623
point,1069.000,905.531,500.965,196.434,0.82971679,0.03831238,0.00000000,1069,113.962006795,22.534500245
point,1070.000,906.205,501.702,196.472,0.82971679,0.03831238,0.00000000,1070,113.962013356,22.534506867
point,1071.000,906.880,502.439,196.511,0.82971679,0.03831238,0.00000000,1071,113.962019917,22.534513490
point,1072.000,907.554,503.177,196.549,0.82971679,0.03831238,0.00000000,1072,113.962026478,22.534520112
point,1073.000,908.229,503.914,196.587,0.82971679,0.03831238,0.00000000,1073,113.962033039,22.534526735
point,1074.000,908.903,504.651,196.625,0.82971679,0.03831238,0.00000000,1074,113.962039600,22.534533357
point,1075.000,909.578,505.388,196.664,0.82971679,0.03831238,0.00000000,1075,113.962046161,22.534539979
point,1076.000,910.253,506.125,196.702,0.82397500,0.03586531,0.00574139,1076,113.962052722,22.534546602
point,1077.000,910.936,506.855,196.735,0.81554427,0.03227014,0.00268959,1077,113.962059365,22.534553155
point,1078.000,911.623,507.581,196.766,0.81285483,0.03112277,0.00000000,1078,113.962066048,22.534559676
point,1079.000,912.310,508.307,196.798,0.81285483,0.03112277,0.00000000,1079,113.962072731,22.534566197
point,1080.000,912.997,509.033,196.829,0.81285483,0.03112277,0.00000000,1080,113.962079413,22.534572718
point,1081.000,913.684,509.758,196.860,0.81285483,0.03112277,0.00000000,1081,113.962086096,22.534579238
point,1082.000,914.371,510.484,196.891,0.81285483,0.03112277,0.00000000,1082,113.962092778,22.534585759
point,1083.000,915.058,511.210,196.922,0.81285483,0.03112277,0.00000000,1083,113.962099461,22.534592280
point,1084.000,915.745,511.936,196.953,0.81285483,0.03112277,0.00000000,1084,113.962106144,22.534598801
point,1085.000,916.433,512.662,196.984,0.81285483,0.03112277,0.00000000,1085,113.962112826,22.534605322
point,1086.000,917.120,513.388,197.015,0.81285483,0.03112277,0.00000000,1086,113.962119509,22.534611843
point,1087.000,917.807,514.114,197.046,0.81285483,0.03112277,0.00000000,1087,113.962126191,22.534618364
point,1088.000,918.494,514.840,197.078,0.81285483,0.03112277,0.00000000,1088,113.962132874,22.534624885
point,1089.000,919.181,515.566,197.109,0.81285483,0.03112277,0.00000000,1089,113.962139557,22.534631406
point,1090.000,919.868,516.292,197.140,0.81285483,0.03112277,0.00000000,1090,113.962146239,22.534637926
point,1091.000,920.555,517.018,197.171,0.81285483,0.03112277,0.00000000,1091,113.962152922,22.534644447
point,1092.000,921.242,517.743,197.202,0.81285483,0.03112277,0.00000000,1092,113.962159604,22.534650968
point,1093.000,921.929,518.469,197.233,0.80925659,0.04415152,0.00360174,1093,113.962166287,22.534657489
point,1094.000,922.620,519.189,197.290,0.79781279,0.08558331,0.00785442,1094,113.962173007,22.534663953
point,1095.000,923.320,519.895,197.404,0.78994250,0.11407119,0.00000000,1095,113.962179809,22.534670292
point,1096.000,924.019,520.600,197.517,0.78994250,0.11407119,0.00000000,1096,113.962186611,22.534676632
point,1097.000,924.718,521.306,197.630,0.78994250,0.11407119,0.00000000,1097,113.962193413,22.534682972
point,1098.000,925.418,522.012,197.744,0.78994250,0.11407119,0.00000000,1098,113.962200214,22.534689312
point,1099.000,926.117,522.718,197.857,0.78994250,0.11407119,0.00000000,1099,113.962207016,22.534695651
point,1100.000,926.816,523.423,197.970,0.78994250,0.11407119,0.00000000,1100,113.962213818,22.534701991
point,1101.000,927.516,524.129,198.084,0.78994250,0.11407119,0.00000000,1101,113.962220620,22.534708331
point,1102.000,928.215,524.835,198.197,0.78994250,0.11407119,0.00000000,1102,113.962227422,22.534714671
point,1103.000,928.914,525.540,198.310,0.78994250,0.11407119,0.00000000,1103,113.962234223,22.534721010
point,1104.000,929.614,526.246,198.424,0.78994250,0.11407119,0.00000000,1104,113.962241025,22.534727350
point,1105.000,930.313,526.952,198.537,0.78994250,0.11407119,0.00000000,1105,113.962247827,22.534733690
point,1106.000,931.012,527.658,198.650,0.78994250,0.11407119,0.00000000,1106,113.962254629,22.534740030
point,1107.000,931.712,528.363,198.764,0.78994250,0.11407119,0.00000000,1107,113.962261431,22.534746369
point,1108.000,932.411,529.069,198.877,0.78994250,0.11407119,0.00000000,1108,113.962268232,22.534752709
point,1109.000,933.111,529.775,198.990,0.78994250,0.11407119,0.00000000,1109,113.962275034,22.534759049
point,1110.000,933.810,530.481,199.104,0.78994250,0.11407119,0.00000000,1110,113.962281836,22.534765388
point,1111.000,934.509,531.186,199.217,0.77997320,0.15217343,0.01003248,1111,113.962288638,22.534771728
point,1112.000,935.214,531.869,199.404,0.76583423,0.20618513,0.00405330,1112,113.962295489,22.534777863
point,1113.000,935.920,532.543,199.620,0.76177094,0.22169998,0.00000000,1113,113.962302360,22.534783916
point,1114.000,936.627,533.217,199.837,0.76177094,0.22169998,0.00000000,1114,113.962309231,22.534789969
point,1115.000,937.333,533.891,200.053,0.76177094,0.22169998,0.00000000,1115,113.962316102,22.534796023
point,1116.000,938.040,534.565,200.270,0.76177094,0.22169998,0.00000000,1116,113.962322973,22.534802076
point,1117.000,938.746,535.238,200.486,0.76177094,0.22169998,0.00000000,1117,113.962329844,22.534808129
point,1118.000,939.452,535.912,200.703,0.76177094,0.22169998,0.00000000,1118,113.962336715,22.534814182
point,1119.000,940.159,536.586,200.919,0.76177094,0.22169998,0.00000000,1119,113.962343586,22.534820235
point,1120.000,940.865,537.260,201.136,0.76177094,0.22169998,0.00000000,1120,113.962350457,22.534826289
point,1121.000,941.572,537.934,201.352,0.76177094,0.22169998,0.00000000,1121,113.962357328,22.534832342
point,1122.000,942.278,538.608,201.568,0.76177094,0.22169998,0.00000000,1122,113.962364198,22.534838395
point,1123.000,942.985,539.282,201.785,0.76177094,0.22169998,0.00000000,1123,113.962371069,22.534844448
point,1124.000,943.691,539.955,202.001,0.76177094,0.22169998,0.00000000,1124,113.962377940,22.534850502
point,1125.000,944.398,540.629,202.218,0.76177094,0.22169998,0.00000000,1125,113.962384811,22.534856555
point,1126.000,945.104,541.303,202.434,0.76177094,0.22169998,0.00000000,1126,113.962391682,22.534862608
point,1127.000,945.811,541.977,202.651,0.76177094,0.22169998,0.00000000,1127,113.962398553,22.534868661
point,1128.000,946.517,542.651,202.867,0.76177094,0.22169998,0.00000000,1128,113.962405424,22.534874715
point,1129.000,947.224,543.325,203.084,0.75161314,0.23745806,0.01019595,1129,113.962412295,22.534880768
point,1130.000,947.938,543.979,203.329,0.73534445,0.26264439,0.00604733,1130,113.962419246,22.534886646
point,1131.000,948.658,544.622,203.592,0.72928437,0.27200888,0.00000000,1131,113.962426244,22.534892422
point,1132.000,949.377,545.265,203.854,0.72928437,0.27200888,0.00000000,1132,113.962433242,22.534898198
point,1133.000,950.097,545.908,204.116,0.72928437,0.27200888,0.00000000,1133,113.962440240,22.534903974
point,1134.000,950.816,546.551,204.379,0.72928437,0.27200888,0.00000000,1134,113.962447237,22.534909750
point,1135.000,951.536,547.194,204.641,0.72928437,0.27200888,0.00000000,1135,113.962454235,22.534915526
point,1136.000,952.255,547.837,204.904,0.72928437,0.27200888,0.00000000,1136,113.962461233,22.534921302
point,1137.000,952.975,548.480,205.166,0.72928437,0.27200888,0.00000000,1137,113.962468231,22.534927078
point,1138.000,953.694,549.123,205.429,0.72928437,0.27200888,0.00000000,1138,113.962475229,22.534932854
point,1139.000,954.414,549.766,205.691,0.72928437,0.27200888,0.00000000,1139,113.962482227,22.534938630
point,1140.000,955.133,550.409,205.954,0.72928437,0.27200888,0.00000000,1140,113.962489224,22.534944406
point,1141.000,955.853,551.052,206.216,0.72928437,0.27200888,0.00000000,1141,113.962496222,22.534950182
point,1142.000,956.572,551.695,206.479,0.72928437,0.27200888,0.00000000,1142,113.962503220,22.534955957
point,1143.000,957.292,552.338,206.741,0.72928437,0.27200888,0.00000000,1143,113.962510218,22.534961733
point,1144.000,958.011,552.981,207.004,0.72928437,0.27200888,0.00000000,1144,113.962517216,22.534967509
point,1145.000,958.731,553.624,207.266,0.72928437,0.27200888,0.00000000,1145,113.962524214,22.534973285
point,1146.000,959.450,554.267,207.529,0.72928437,0.27200888,0.00000000,1146,113.962531211,22.534979061
point,1147.000,960.170,554.910,207.791,0.72722943,0.26891574,0.00205354,1147,113.962538209,22.534984837
point,1148.000,960.893,555.550,208.048,0.70926176,0.24182342,0.01582759,1148,113.962545242,22.534990594
point,1149.000,961.644,556.175,208.261,0.69352210,0.21802613,0.00000000,1149,113.962552550,22.534996205
point,1150.000,962.396,556.800,208.474,0.69352210,0.21802613,0.00000000,1150,113.962559857,22.535001816
point,1151.000,963.147,557.424,208.687,0.69352210,0.21802613,0.00000000,1151,113.962567165,22.535007426
point,1152.000,963.898,558.049,208.900,0.69352210,0.21802613,0.00000000,1152,113.962574472,22.535013037
point,1153.000,964.650,558.673,209.113,0.69352210,0.21802613,0.00000000,1153,113.962581780,22.535018648
point,1154.000,965.401,559.298,209.326,0.69352210,0.21802613,0.00000000,1154,113.962589087,22.535024258
point,1155.000,966.152,559.922,209.539,0.69352210,0.21802613,0.00000000,1155,113.962596395,22.535029869
point,1156.000,966.904,560.547,209.752,0.69352210,0.21802613,0.00000000,1156,113.962603702,22.535035480
point,1157.000,967.655,561.172,209.965,0.69352210,0.21802613,0.00000000,1157,113.962611010,22.535041090
point,1158.000,968.406,561.796,210.178,0.69352210,0.21802613,0.00000000,1158,113.962618317,22.535046701
point,1159.000,969.158,562.421,210.391,0.69352210,0.21802613,0.00000000,1159,113.962625625,22.535052312
point,1160.000,969.909,563.045,210.604,0.69352210,0.21802613,0.00000000,1160,113.962632932,22.535057922
point,1161.000,970.660,563.670,210.817,0.69352210,0.21802613,0.00000000,1161,113.962640240,22.535063533
point,1162.000,971.412,564.294,211.030,0.69352210,0.21802613,0.00000000,1162,113.962647547,22.535069144
point,1163.000,972.163,564.919,211.243,0.69352210,0.21802613,0.00000000,1163,113.962654855,22.535074754
point,1164.000,972.915,565.544,211.456,0.69352210,0.21802613,0.00000000,1164,113.962662162,22.535080365
point,1165.000,973.666,566.168,211.669,0.69352210,0.21802613,0.00000000,1165,113.962669470,22.535085976
point,1166.000,974.417,566.793,211.882,0.68253877,0.17715283,0.01092083,1166,113.962676777,22.535091586
point,1167.000,975.191,567.408,212.017,0.66358127,0.10655700,0.00806352,1167,113.962684301,22.535097111
point,1168.000,975.981,568.016,212.094,0.65555341,0.07664906,0.00000000,1168,113.962691988,22.535102571
point,1169.000,976.772,568.623,212.170,0.65555341,0.07664906,0.00000000,1169,113.962699676,22.535108031
point,1170.000,977.562,569.231,212.247,0.65555341,0.07664906,0.00000000,1170,113.962707363,22.535113491
point,1171.000,978.352,569.839,212.323,0.65555341,0.07664906,0.00000000,1171,113.962715050,22.535118952
point,1172.000,979.143,570.447,212.400,0.65555341,0.07664906,0.00000000,1172,113.962722737,22.535124412
point,1173.000,979.933,571.055,212.476,0.65555341,0.07664906,0.00000000,1173,113.962730424,22.535129872
point,1174.000,980.724,571.663,212.552,0.65555341,0.07664906,0.00000000,1174,113.962738112,22.535135332
point,1175.000,981.514,572.270,212.629,0.65555341,0.07664906,0.00000000,1175,113.962745799,22.535140792
point,1176.000,982.304,572.878,212.705,0.65555341,0.07664906,0.00000000,1176,113.962753486,22.535146252
point,1177.000,983.095,573.486,212.782,0.65555341,0.07664906,0.00000000,1177,113.962761173,22.535151712
point,1178.000,983.885,574.094,212.858,0.65555341,0.07664906,0.00000000,1178,113.962768861,22.535157172
point,1179.000,984.676,574.702,212.935,0.65555341,0.07664906,0.00000000,1179,113.962776548,22.535162632
point,1180.000,985.466,575.309,213.011,0.65555341,0.07664906,0.00000000,1180,113.962784235,22.535168092
point,1181.000,986.256,575.917,213.087,0.65555341,0.07664906,0.00000000,1181,113.962791922,22.535173553
point,1182.000,987.047,576.525,213.164,0.65555341,0.07664906,0.00000000,1182,113.962799609,22.535179013
point,1183.000,987.837,577.133,213.240,0.65555341,0.07664906,0.00000000,1183,113.962807297,22.535184473
point,1184.000,988.628,577.741,213.317,0.65333620,0.06762924,0.00221736,1184,113.962814984,22.535189933
point,1185.000,989.420,578.345,213.375,0.63376881,-0.01198205,0.01735283,1185,113.962822696,22.535195361
point,1186.000,990.234,578.921,213.293,0.61641303,-0.08259240,0.00000000,1186,113.962830605,22.535200536
point,1187.000,991.047,579.497,213.210,0.61641303,-0.08259240,0.00000000,1187,113.962838514,22.535205712
point,1188.000,991.860,580.073,213.128,0.61641303,-0.08259240,0.00000000,1188,113.962846423,22.535210888
point,1189.000,992.673,580.650,213.046,0.61641303,-0.08259240,0.00000000,1189,113.962854332,22.535216063
point,1190.000,993.486,581.226,212.964,0.61641303,-0.08259240,0.00000000,1190,113.962862241,22.535221239
point,1191.000,994.300,581.802,212.881,0.61641303,-0.08259240,0.00000000,1191,113.962870150,22.535226415
point,1192.000,995.113,582.378,212.799,0.61641303,-0.08259240,0.00000000,1192,113.962878059,22.535231590
point,1193.000,995.926,582.954,212.717,0.61641303,-0.08259240,0.00000000,1193,113.962885968,22.535236766
point,1194.000,996.739,583.530,212.634,0.61641303,-0.08259240,0.00000000,1194,113.962893876,22.535241942
point,1195.000,997.552,584.106,212.552,0.61641303,-0.08259240,0.00000000,1195,113.962901785,22.535247117
point,1196.000,998.366,584.683,212.470,0.61641303,-0.08259240,0.00000000,1196,113.962909694,22.535252293
point,1197.000,999.179,585.259,212.387,0.61641303,-0.08259240,0.00000000,1197,113.962917603,22.535257468
point,1198.000,999.992,585.835,212.305,0.61641303,-0.08259240,0.00000000,1198,113.962925512,22.535262644
point,1199.000,1000.805,586.411,212.223,0.61641303,-0.08259240,0.00000000,1199,113.962933421,22.535267820
point,1200.000,1001.618,586.987,212.140,0.61641303,-0.08259240,0.00000000,1200,113.962941330,22.535272995
point,1201.000,1002.432,587.563,212.058,0.61641303,-0.08259240,0.00000000,1201,113.962949239,22.535278171
point,1202.000,1003.245,588.139,211.976,0.61641303,-0.08259240,0.00000000,1202,113.962957148,22.535283347
point,1203.000,1004.058,588.716,211.893,0.60992707,-0.09874422,0.00650014,1203,113.962965057,22.535288522
point,1204.000,1004.875,589.279,211.779,0.59028376,-0.14763329,0.01318354,1204,113.962973003,22.535293580
point,1205.000,1005.700,589.816,211.602,0.57704566,-0.18054984,0.00000000,1205,113.962981024,22.535298403
point,1206.000,1006.524,590.352,211.424,0.57704566,-0.18054984,0.00000000,1206,113.962989046,22.535303226
point,1207.000,1007.349,590.889,211.246,0.57704566,-0.18054984,0.00000000,1207,113.962997067,22.535308049
point,1208.000,1008.174,591.426,211.069,0.57704566,-0.18054984,0.00000000,1208,113.963005088,22.535312872
point,1209.000,1008.999,591.963,210.891,0.57704566,-0.18054984,0.00000000,1209,113.963013110,22.535317694
point,1210.000,1009.823,592.500,210.713,0.57704566,-0.18054984,0.00000000,1210,113.963021131,22.535322517
point,1211.000,1010.648,593.037,210.536,0.57704566,-0.18054984,0.00000000,1211,113.963029152,22.535327340
point,1212.000,1011.473,593.574,210.358,0.57704566,-0.18054984,0.00000000,1212,113.963037173,22.535332163
point,1213.000,1012.298,594.111,210.180,0.57704566,-0.18054984,0.00000000,1213,113.963045195,22.535336986
point,1214.000,1013.122,594.647,210.003,0.57704566,-0.18054984,0.00000000,1214,113.963053216,22.535341808
point,1215.000,1013.947,595.184,209.825,0.57704566,-0.18054984,0.00000000,1215,113.963061237,22.535346631
point,1216.000,1014.772,595.721,209.647,0.57704566,-0.18054984,0.00000000,1216,113.963069259,22.535351454
point,1217.000,1015.597,596.258,209.470,0.57704566,-0.18054984,0.00000000,1217,113.963077280,22.535356277
point,1218.000,1016.421,596.795,209.292,0.57704566,-0.18054984,0.00000000,1218,113.963085301,22.535361099
point,1219.000,1017.246,597.332,209.114,0.57704566,-0.18054984,0.00000000,1219,113.963093322,22.535365922
point,1220.000,1018.071,597.869,208.937,0.57704566,-0.18054984,0.00000000,1220,113.963101344,22.535370745
point,1221.000,1018.896,598.405,208.759,0.57704566,-0.18054984,0.00000000,1221,113.963109365,22.535375568
point,1222.000,1019.720,598.942,208.581,0.57704566,-0.18054984,0.00000000,1222,113.963117386,22.535380391
point,1223.000,1020.545,599.479,208.404,0.55811724,-0.17818043,0.01892075,1223,113.963125408,22.535385213
point,1224.000,1021.390,599.985,208.230,0.53873522,-0.17568809,0.00046894,1224,113.963133627,22.535389756
point,1225.000,1022.236,600.490,208.057,0.53826629,-0.17562697,0.00000000,1225,113.963141852,22.535394292
point,1226.000,1023.082,600.995,207.884,0.53826629,-0.17562697,0.00000000,1226,113.963150077,22.535398828
point,1227.000,1023.927,601.500,207.712,0.53826629,-0.17562697,0.00000000,1227,113.963158301,22.535403363
point,1228.000,1024.773,602.005,207.539,0.53826629,-0.17562697,0.00000000,1228,113.963166526,22.535407899
point,1229.000,1025.618,602.510,207.366,0.53826629,-0.17562697,0.00000000,1229,113.963174751,22.535412435
point,1230.000,1026.464,603.014,207.193,0.53826629,-0.17562697,0.00000000,1230,113.963182975,22.535416971
point,1231.000,1027.310,603.519,207.020,0.53826629,-0.17562697,0.00000000,1231,113.963191200,22.535421507
point,1232.000,1028.155,604.024,206.847,0.53826629,-0.17562697,0.00000000,1232,113.963199425,22.535426042
point,1233.000,1029.001,604.529,206.674,0.53826629,-0.17562697,0.00000000,1233,113.963207649,22.535430578
point,1234.000,1029.847,605.034,206.501,0.53826629,-0.17562697,0.00000000,1234,113.963215874,22.535435114
point,1235.000,1030.692,605.539,206.328,0.53826629,-0.17562697,0.00000000,1235,113.963224099,22.535439650
point,1236.000,1031.538,606.044,206.155,0.53826629,-0.17562697,0.00000000,1236,113.963232323,22.535444185
point,1237.000,1032.384,606.549,205.982,0.53826629,-0.17562697,0.00000000,1237,113.963240548,22.535448721
point,1238.000,1033.229,607.054,205.809,0.53826629,-0.17562697,0.00000000,1238,113.963248773,22.535453257
point,1239.000,1034.075,607.559,205.636,0.53826629,-0.17562697,0.00000000,1239,113.963256997,22.535457793
point,1240.000,1034.921,608.064,205.463,0.53826629,-0.17562697,0.00000000,1240,113.963265222,22.535462329
point,1241.000,1035.766,608.569,205.290,0.53826629,-0.17562697,0.00000000,1241,113.963273447,22.535466864
point,1242.000,1036.612,609.073,205.117,0.53277414,-0.16258496,0.00548340,1242,113.963281671,22.535471400
point,1243.000,1037.466,609.571,204.969,0.51396440,-0.11788340,0.01328014,1243,113.963289976,22.535475866
point,1244.000,1038.340,610.049,204.883,0.50073922,-0.08642769,0.00000000,1244,113.963298476,22.535480163
point,1245.000,1039.214,610.527,204.797,0.50073922,-0.08642769,0.00000000,1245,113.963306976,22.535484460
point,1246.000,1040.088,611.006,204.711,0.50073922,-0.08642769,0.00000000,1246,113.963315476,22.535488756
point,1247.000,1040.962,611.484,204.625,0.50073922,-0.08642769,0.00000000,1247,113.963323976,22.535493053
point,1248.000,1041.836,611.962,204.538,0.50073922,-0.08642769,0.00000000,1248,113.963332476,22.535497349
point,1249.000,1042.710,612.440,204.452,0.50073922,-0.08642769,0.00000000,1249,113.963340976,22.535501646
point,1250.000,1043.584,612.919,204.366,0.50073922,-0.08642769,0.00000000,1250,113.963349476,22.535505942
point,1251.000,1044.458,613.397,204.280,0.50073922,-0.08642769,0.00000000,1251,113.963357976,22.535510239
point,1252.000,1045.332,613.875,204.194,0.50073922,-0.08642769,0.00000000,1252,113.963366476,22.535514536
point,1253.000,1046.206,614.354,204.108,0.50073922,-0.08642769,0.00000000,1253,113.963374976,22.535518832
point,1254.000,1047.080,614.832,204.022,0.50073922,-0.08642769,0.00000000,1254,113.963383476,22.535523129
point,1255.000,1047.954,615.310,203.936,0.50073922,-0.08642769,0.00000000,1255,113.963391976,22.535527425
point,1256.000,1048.827,615.788,203.850,0.50073922,-0.08642769,0.00000000,1256,113.963400476,22.535531722
point,1257.000,1049.701,616.267,203.764,0.50073922,-0.08642769,0.00000000,1257,113.963408976,22.535536018
point,1258.000,1050.575,616.745,203.677,0.50073922,-0.08642769,0.00000000,1258,113.963417476,22.535540315
point,1259.000,1051.449,617.223,203.591,0.50073922,-0.08642769,0.00000000,1259,113.963425977,22.535544611
point,1260.000,1052.323,617.702,203.505,0.50073922,-0.08642769,0.00000000,1260,113.963434477,22.535548908
point,1261.000,1053.197,618.180,203.419,0.50073922,-0.08642769,0.00000000,1261,113.963442977,22.535553205
point,1262.000,1054.071,618.658,203.333,0.49188670,-0.05952675,0.00884564,1262,113.963451477,22.535557501
point,1263.000,1054.955,619.122,203.300,0.47400291,-0.00516972,0.00903637,1263,113.963460071,22.535561665
point,1264.000,1055.849,619.570,203.323,0.46497521,0.02227136,0.00000000,1264,113.963468762,22.535565692
point,1265.000,1056.742,620.018,203.345,0.46497521,0.02227136,0.00000000,1265,113.963477453,22.535569719
point,1266.000,1057.636,620.467,203.367,0.46497521,0.02227136,0.00000000,1266,113.963486144,22.535573746
point,1267.000,1058.529,620.915,203.389,0.46497521,0.02227136,0.00000000,1267,113.963494835,22.535577773
point,1268.000,1059.423,621.363,203.412,0.46497521,0.02227136,0.00000000,1268,113.963503526,22.535581800
point,1269.000,1060.317,621.811,203.434,0.46497521,0.02227136,0.00000000,1269,113.963512217,22.535585827
point,1270.000,1061.210,622.260,203.456,0.46497521,0.02227136,0.00000000,1270,113.963520908,22.535589854
point,1271.000,1062.104,622.708,203.479,0.46497521,0.02227136,0.00000000,1271,113.963529599,22.535593881
point,1272.000,1062.997,623.156,203.501,0.46497521,0.02227136,0.00000000,1272,113.963538291,22.535597908
point,1273.000,1063.891,623.605,203.523,0.46497521,0.02227136,0.00000000,1273,113.963546982,22.535601935
point,1274.000,1064.785,624.053,203.545,0.46497521,0.02227136,0.00000000,1274,113.963555673,22.535605962
point,1275.000,1065.678,624.501,203.568,0.46497521,0.02227136,0.00000000,1275,113.963564364,22.535609989
point,1276.000,1066.572,624.949,203.590,0.46497521,0.02227136,0.00000000,1276,113.963573055,22.535614016
point,1277.000,1067.466,625.398,203.612,0.46497521,0.02227136,0.00000000,1277,113.963581746,22.535618043
point,1278.000,1068.359,625.846,203.634,0.46497521,0.02227136,0.00000000,1278,113.963590437,22.535622070
point,1279.000,1069.253,626.294,203.657,0.46497521,0.02227136,0.00000000,1279,113.963599128,22.535626097
point,1280.000,1070.146,626.743,203.679,0.46497521,0.02227136,0.00000000,1280,113.963607819,22.535630125
point,1281.000,1071.040,627.191,203.701,0.46497521,0.02227136,0.00000000,1281,113.963616510,22.535634152
point,1282.000,1071.934,627.639,203.723,0.45735758,0.03532025,0.00762323,1282,113.963625201,22.535638179
point,1283.000,1072.833,628.073,203.772,0.44054260,0.06411576,0.00919286,1283,113.963633945,22.535642077
point,1284.000,1073.738,628.490,203.851,0.43134303,0.07986281,0.00000000,1284,113.963642752,22.535645821
point,1285.000,1074.644,628.907,203.931,0.43134303,0.07986281,0.00000000,1285,113.963651559,22.535649565
point,1286.000,1075.549,629.323,204.011,0.43134303,0.07986281,0.00000000,1286,113.963660365,22.535653309
point,1287.000,1076.455,629.740,204.090,0.43134303,0.07986281,0.00000000,1287,113.963669172,22.535657053
point,1288.000,1077.360,630.157,204.170,0.43134303,0.07986281,0.00000000,1288,113.963677979,22.535660796
point,1289.000,1078.266,630.574,204.249,0.43134303,0.07986281,0.00000000,1289,113.963686786,22.535664540
point,1290.000,1079.171,630.991,204.329,0.43134303,0.07986281,0.00000000,1290,113.963695593,22.535668284
point,1291.000,1080.077,631.407,204.409,0.43134303,0.07986281,0.00000000,1291,113.963704400,22.535672028
point,1292.000,1080.982,631.824,204.488,0.43134303,0.07986281,0.00000000,1292,113.963713207,22.535675772
point,1293.000,1081.888,632.241,204.568,0.43134303,0.07986281,0.00000000,1293,113.963722014,22.535679516
point,1294.000,1082.793,632.658,204.647,0.43134303,0.07986281,0.00000000,1294,113.963730821,22.535683260
point,1295.000,1083.699,633.074,204.727,0.43134303,0.07986281,0.00000000,1295,113.963739627,22.535687003
point,1296.000,1084.604,633.491,204.807,0.43134303,0.07986281,0.00000000,1296,113.963748434,22.535690747
point,1297.000,1085.510,633.908,204.886,0.43134303,0.07986281,0.00000000,1297,113.963757241,22.535694491
point,1298.000,1086.415,634.325,204.966,0.43134303,0.07986281,0.00000000,1298,113.963766048,22.535698235
point,1299.000,1087.321,634.741,205.046,0.43134303,0.07986281,0.00000000,1299,113.963774855,22.535701979
point,1300.000,1088.226,635.158,205.125,0.43134303,0.07986281,0.00000000,1300,113.963783662,22.535705723
point,1301.000,1089.132,635.575,205.205,0.43134303,0.07986281,0.00000000,1301,113.963792469,22.535709467
point,1302.000,1090.038,635.992,205.284,0.43011105,0.07875032,0.00123191,1302,113.963801276,22.535713210
point,1303.000,1090.944,636.406,205.362,0.41447237,0.06461853,0.01439433,1303,113.963810093,22.535716935
point,1304.000,1091.864,636.795,205.413,0.40009056,0.05160848,0.00000000,1304,113.963819039,22.535720429
point,1305.000,1092.784,637.184,205.465,0.40009056,0.05160848,0.00000000,1305,113.963827985,22.535723923
point,1306.000,1093.704,637.573,205.516,0.40009056,0.05160848,0.00000000,1306,113.963836931,22.535727418
point,1307.000,1094.623,637.962,205.568,0.40009056,0.05160848,0.00000000,1307,113.963845877,22.535730912
point,1308.000,1095.543,638.351,205.619,0.40009056,0.05160848,0.00000000,1308,113.963854822,22.535734406
point,1309.000,1096.463,638.740,205.671,0.40009056,0.05160848,0.00000000,1309,113.963863768,22.535737900
point,1310.000,1097.383,639.129,205.723,0.40009056,0.05160848,0.00000000,1310,113.963872714,22.535741395
point,1311.000,1098.303,639.518,205.774,0.40009056,0.05160848,0.00000000,1311,113.963881660,22.535744889
point,1312.000,1099.222,639.907,205.826,0.40009056,0.05160848,0.00000000,1312,113.963890605,22.535748383
point,1313.000,1100.142,640.296,205.877,0.40009056,0.05160848,0.00000000,1313,113.963899551,22.535751878
point,1314.000,1101.062,640.685,205.929,0.40009056,0.05160848,0.00000000,1314,113.963908497,22.535755372
point,1315.000,1101.982,641.074,205.980,0.40009056,0.05160848,0.00000000,1315,113.963917443,22.535758866
point,1316.000,1102.902,641.463,206.032,0.40009056,0.05160848,0.00000000,1316,113.963926388,22.535762361
point,1317.000,1103.821,641.852,206.083,0.40009056,0.05160848,0.00000000,1317,113.963935334,22.535765855
point,1318.000,1104.741,642.241,206.135,0.40009056,0.05160848,0.00000000,1318,113.963944280,22.535769349
point,1319.000,1105.661,642.630,206.186,0.40009056,0.05160848,0.00000000,1319,113.963953226,22.535772843
point,1320.000,1106.581,643.019,206.238,0.40009056,0.05160848,0.00000000,1320,113.963962171,22.535776338
point,1321.000,1107.501,643.408,206.289,0.40009056,0.05160848,0.00000000,1321,113.963971117,22.535779832
point,1322.000,1108.420,643.797,206.341,0.40009056,0.05160848,0.00000000,1322,113.963980063,22.535783326
point,1323.000,1109.340,644.186,206.393,0.39268357,0.02737664,0.00740655,1323,113.963989009,22.535786821
point,1324.000,1110.266,644.561,206.396,0.37832288,-0.01960716,0.00695350,1324,113.963998011,22.535790193
point,1325.000,1111.197,644.924,206.353,0.37137046,-0.04235248,0.00000000,1325,113.964007065,22.535793450
point,1326.000,1112.128,645.286,206.311,0.37137046,-0.04235248,0.00000000,1326,113.964016120,22.535796707
point,1327.000,1113.059,645.649,206.269,0.37137046,-0.04235248,0.00000000,1327,113.964025175,22.535799964
point,1328.000,1113.990,646.012,206.226,0.37137046,-0.04235248,0.00000000,1328,113.964034229,22.535803221
point,1329.000,1114.921,646.374,206.184,0.37137046,-0.04235248,0.00000000,1329,113.964043284,22.535806478
point,1330.000,1115.852,646.737,206.142,0.37137046,-0.04235248,0.00000000,1330,113.964052339,22.535809735
point,1331.000,1116.783,647.099,206.099,0.37137046,-0.04235248,0.00000000,1331,113.964061393,22.535812992
point,1332.000,1117.714,647.462,206.057,0.37137046,-0.04235248,0.00000000,1332,113.964070448,22.535816249
point,1333.000,1118.645,647.824,206.015,0.37137046,-0.04235248,0.00000000,1333,113.964079502,22.535819506
point,1334.000,1119.576,648.187,205.973,0.37137046,-0.04235248,0.00000000,1334,113.964088557,22.535822763
point,1335.000,1120.507,648.550,205.930,0.37137046,-0.04235248,0.00000000,1335,113.964097612,22.535826020
point,1336.000,1121.438,648.912,205.888,0.37137046,-0.04235248,0.00000000,1336,113.964106666,22.535829277
point,1337.000,1122.369,649.275,205.846,0.37137046,-0.04235248,0.00000000,1337,113.964115721,22.535832534
point,1338.000,1123.300,649.637,205.803,0.37137046,-0.04235248,0.00000000,1338,113.964124776,22.535835791
point,1339.000,1124.231,650.000,205.761,0.37137046,-0.04235248,0.00000000,1339,113.964133830,22.535839048
point,1340.000,1125.162,650.362,205.719,0.37137046,-0.04235248,0.00000000,1340,113.964142885,22.535842305
point,1341.000,1126.093,650.725,205.676,0.37137046,-0.04235248,0.00000000,1341,113.964151940,22.535845562
point,1342.000,1127.024,651.088,205.634,0.37137046,-0.04235248,0.00000000,1342,113.964160994,22.535848819
point,1343.000,1127.955,651.450,205.592,0.37137046,-0.04235248,0.00000000,1343,113.964170049,22.535852076
point,1344.000,1128.886,651.813,205.549,0.36097725,-0.08139729,0.01043047,1344,113.964179103,22.535855333
point,1345.000,1129.817,652.153,205.430,0.34789038,-0.13054850,0.00262139,1345,113.964188165,22.535858393
point,1346.000,1130.749,652.488,205.291,0.34526674,-0.14039985,0.00000000,1346,113.964197228,22.535861403
point,1347.000,1131.681,652.824,205.152,0.34526674,-0.14039985,0.00000000,1347,113.964206290,22.535864414
point,1348.000,1132.613,653.159,205.013,0.34526674,-0.14039985,0.00000000,1348,113.964215353,22.535867425
point,1349.000,1133.545,653.494,204.873,0.34526674,-0.14039985,0.00000000,1349,113.964224416,22.535870436
point,1350.000,1134.477,653.829,204.734,0.34526674,-0.14039985,0.00000000,1350,113.964233479,22.535873447
point,1351.000,1135.408,654.164,204.595,0.34526674,-0.14039985,0.00000000,1351,113.964242542,22.535876457
point,1352.000,1136.340,654.499,204.456,0.34526674,-0.14039985,0.00000000,1352,113.964251605,22.535879468
point,1353.000,1137.272,654.835,204.317,0.34526674,-0.14039985,0.00000000,1353,113.964260668,22.535882479
point,1354.000,1138.204,655.170,204.178,0.34526674,-0.14039985,0.00000000,1354,113.964269731,22.535885490
point,1355.000,1139.136,655.505,204.039,0.34526674,-0.14039985,0.00000000,1355,113.964278794,22.535888501
point,1356.000,1140.068,655.840,203.900,0.34526674,-0.14039985,0.00000000,1356,113.964287856,22.535891511
point,1357.000,1141.000,656.175,203.761,0.34526674,-0.14039985,0.00000000,1357,113.964296919,22.535894522
point,1358.000,1141.931,656.510,203.622,0.34526674,-0.14039985,0.00000000,1358,113.964305982,22.535897533
point,1359.000,1142.863,656.846,203.483,0.34526674,-0.14039985,0.00000000,1359,113.964315045,22.535900544
point,1360.000,1143.795,657.181,203.344,0.34526674,-0.14039985,0.00000000,1360,113.964324108,22.535903555
point,1361.000,1144.727,657.516,203.205,0.34526674,-0.14039985,0.00000000,1361,113.964333171,22.535906565
point,1362.000,1145.659,657.851,203.066,0.34526674,-0.14039985,0.00000000,1362,113.964342234,22.535909576
point,1363.000,1146.591,658.186,202.927,0.34526674,-0.14039985,0.00000000,1363,113.964351297,22.535912587
point,1364.000,1147.522,658.521,202.788,0.34526674,-0.14039985,0.00000000,1364,113.964360360,22.535915598
point,1365.000,1148.454,658.856,202.649,0.33574337,-0.15498973,0.00954512,1365,113.964369422,22.535918609
point,1366.000,1149.388,659.172,202.482,0.32399915,-0.17296249,0.00217843,1366,113.964378504,22.535921446
point,1367.000,1150.322,659.484,202.308,0.32181964,-0.17629534,0.00000000,1367,113.964387591,22.535924244
point,1368.000,1151.257,659.795,202.134,0.32181964,-0.17629534,0.00000000,1368,113.964396677,22.535927042
point,1369.000,1152.191,660.107,201.961,0.32181964,-0.17629534,0.00000000,1369,113.964405763,22.535929840
point,1370.000,1153.125,660.418,201.787,0.32181964,-0.17629534,0.00000000,1370,113.964414850,22.535932639
point,1371.000,1154.059,660.730,201.614,0.32181964,-0.17629534,0.00000000,1371,113.964423936,22.535935437
point,1372.000,1154.994,661.041,201.440,0.32181964,-0.17629534,0.00000000,1372,113.964433022,22.535938235
point,1373.000,1155.928,661.353,201.266,0.32181964,-0.17629534,0.00000000,1373,113.964442109,22.535941033
point,1374.000,1156.862,661.664,201.093,0.32181964,-0.17629534,0.00000000,1374,113.964451195,22.535943831
point,1375.000,1157.796,661.976,200.919,0.32181964,-0.17629534,0.00000000,1375,113.964460281,22.535946629
point,1376.000,1158.731,662.287,200.746,0.32181964,-0.17629534,0.00000000,1376,113.964469368,22.535949428
point,1377.000,1159.665,662.599,200.572,0.32181964,-0.17629534,0.00000000,1377,113.964478454,22.535952226
point,1378.000,1160.599,662.910,200.398,0.32181964,-0.17629534,0.00000000,1378,113.964487540,22.535955024
point,1379.000,1161.533,663.222,200.225,0.32181964,-0.17629534,0.00000000,1379,113.964496626,22.535957822
point,1380.000,1162.468,663.533,200.051,0.32181964,-0.17629534,0.00000000,1380,113.964505713,22.535960620
point,1381.000,1163.402,663.845,199.877,0.32181964,-0.17629534,0.00000000,1381,113.964514799,22.535963418
point,1382.000,1164.336,664.156,199.704,0.32181964,-0.17629534,0.00000000,1382,113.964523885,22.535966217
point,1383.000,1165.270,664.468,199.530,0.32181964,-0.17629534,0.00000000,1383,113.964532972,22.535969015
point,1384.000,1166.205,664.779,199.357,0.32181964,-0.17629534,0.00000000,1384,113.964542058,22.535971813
point,1385.000,1167.139,665.091,199.183,0.32181964,-0.17629534,0.00000000,1385,113.964551144,22.535974611
point,1386.000,1168.073,665.402,199.009,0.32181964,-0.17629534,0.00000000,1386,113.964560231,22.535977409
point,1386.288,1168.342,665.492,198.959,0.32181964,-0.17629534,0.00000000,1387,113.964562845,22.535978214
