线路ID,运动记录时间,活动类型,地区,总里程(km),运动耗时,最高海拔(m),上传者
1,2022-09-18 11:00:16,步行,武汉市汉阳区,8.67045606616277,0.75,24.161633079141502,
2,2023-03-26 14:27:17,步行,武汉市汉阳区,1.8751442108265404,0.92,46.370100915493374,zs_2738497
3,2023-03-31 16:42:21,步行,武汉市汉阳区,1.3155169905507649,0.89,32.29089403193554,
4,2023-04-21 09:29:31,步行,武汉市汉阳区,1.36975645551269,0.74,28.93991358638931,阿尔
5,2023-04-21 10:51:44,步行,武汉市汉阳区,0.9133558203334633,0.53,30.43902247528711,阿尔
6,2023-04-24 15:12:11,步行,武汉市汉阳区,4.770375767483599,1.13,23.03265380859375,zs0_7136432
7,2023-04-26 14:09:12,步行,武汉市汉阳区,3.3673604257671843,1.05,34.77043293569469,MusesXieT
8,2023-04-30 15:33:57,步行,武汉市汉阳区,5.571586493913052,1.82,23.98634817902373,
9,2023-05-05 11:05:20,步行,武汉市汉阳区,5.901437626327362,1.5,76.60265580163563,ᰔᩚ悟এ᭄²⁰²³
10,2023-05-11 15:06:53,步行,武汉市汉阳区,2.7060588125860856,0.96,46.509498664744484,
11,2023-05-17 19:10:24,步行,武汉市汉阳区,7.871475707054195,1.83,76.38026242319003,清秋。。
12,2023-05-18 19:03:52,步行,武汉市汉阳区,10.482313514929741,2.35,31.561138237437888,西西
13,2023-05-29 10:12:08,步行,武汉市汉阳区,4.646519855226982,2.25,37.007446195232546,24k
14,30.541368,未知类型,武汉市汉阳区,0,0,0,30.534115
15,2023-06-16 13:25:58,步行,武汉市汉阳区,4.803650353763835,2.89,85.89825872917064,BoNe5
16,2023-06-21 20:48:53,步行,武汉市汉阳区,1.1471410218743345,0.24,21.270039674214356,zs0_2139739
17,2023-06-24 09:49:07,步行,武汉市汉阳区,3.1247022373692985,3.29,30.339536190740024,猫猫枚
18,2023-06-26 10:02:40,步行,武汉市汉阳区,5.047479231432772,3.37,41.097117664407776,猫猫枚
19,2023-06-26 18:53:37,步行,武汉市汉阳区,10.789393166012692,3.15,83.92979799528952,liu zhen
20,2023-06-27 08:43:52,步行,武汉市汉阳区,4.094726647874967,1.78,61.37994883116335,
21,2023-06-27 08:43:52,步行,武汉市汉阳区,4.094726647874967,1.78,61.37994883116335,
22,2023-07-08 10:04:23,步行,武汉市汉阳区,1.3338709492847955,0.15,13.030883243269555,邦文
23,2023-07-11 09:26:48,步行,武汉市汉阳区,2.6749956681708227,1.55,84.7325659572459,蓝色回旋曲
24,2023-07-12 21:07:47,步行,武汉市汉阳区,2.214553693202718,0.63,71.71043693131737,小树向前冲冲冲
25,2023-08-02 09:30:58,步行,武汉市汉阳区,0.6694931899541579,0.17,16.74202384549197,zs_2708710
26,2023-08-02 10:04:03,步行,武汉市汉阳区,0.4998845855261214,0.1,12.292141542751212,zs_2708710
27,2023-08-02 10:37:04,步行,武汉市汉阳区,0.4275353539977416,0.17,14.407493357833207,zs_2708710
28,2023-08-02 11:00:14,步行,武汉市汉阳区,2.3870135019782386,0.11,13.912125474700533,zs_2708710
29,2023-08-03 11:55:13,步行,武汉市汉阳区,1.5655244368800205,0.28,15.73682675551911,哇咔咔哇伊
30,2023-08-03 17:25:13,步行,武汉市汉阳区,1.4359193343651313,0.16,18.22454506329596,@xw
31,2023-08-07 16:20:07,步行,武汉市汉阳区,2.4467762351195868,0.31,21.430921238162533,@xw
32,2023-08-15 19:15:45,步行,武汉市汉阳区,69.30909915503062,5787.71,182.66864013671875,zs_1420753
33,2023-08-17 14:56:22,步行,武汉市汉阳区,59.212271251991126,6.62,77.4076204387638,
34,2023-08-17 14:56:22,步行,武汉市汉阳区,59.212271251991126,6.62,77.4076204387638,
35,2023-08-19 19:43:19,步行,武汉市汉阳区,15.848133496185751,3.52,37.75978308812159,黄方帅
36,2023-08-22 20:47:21,步行,武汉市汉阳区,10.268543261042383,2.0,43.89331519665379,黄方帅
37,2023-08-23 19:07:07,步行,武汉市汉阳区,9.061288122251634,2.19,49.74403002920914,西西
38,2023-08-25 18:23:41,步行,武汉市汉阳区,0.0,0.01,40.678092952916295,鵸飉
39,2023-08-30 13:53:49,步行,武汉市汉阳区,3.4939748249419003,0.83,16.97265625,zs_8812358
40,2023-09-04 17:17:16,步行,武汉市汉阳区,16.220735713647624,3.75,53.183694593556325,黄方帅
41,2023-09-05 15:35:57,步行,武汉市汉阳区,1.0717723219980668,0.37,46.694580078125,Liya
42,2023-09-06 18:26:06,步行,武汉市汉阳区,0.12653780975484863,0.04,28.913374247919794,White丶
43,2023-09-06 18:56:31,步行,武汉市汉阳区,11.112734160087832,1.83,29.24331625980264,黄方帅
44,2023-09-08 08:51:29,步行,武汉市汉阳区,85.65454676444008,2.4,45.97954761850328,佳京
45,2023-09-09 10:02:15,步行,武汉市汉阳区,1.3959532330794135,11.1,27.17607118401974,zs0_7145015
46,2023-09-10 06:34:34,步行,武汉市汉阳区,14.518517370321886,1.59,70.8671919365267,anew101
47,2023-09-11 11:27:14,步行,武汉市汉阳区,6.452578289741328,3.12,25.420368159502672,无为觉知
48,2023-09-12 06:15:41,步行,武汉市汉阳区,11.11895160875216,1.1,59.777324223359216,anew101
49,2023-09-13 09:32:21,步行,武汉市汉阳区,3.7172178644067304,1.04,32.0814160929645,zs_7492935
50,2023-09-14 19:10:56,步行,武汉市汉阳区,10.014991407311664,2.38,75.2125316826723,金律师
51,0,未知类型,武汉市汉阳区,0,0,0,匿名
52,2023-09-18 12:19:05,步行,武汉市汉阳区,0.0,0.0,15.300148035749528,小鱼善水
53,2023-09-19 13:00:50,步行,武汉市汉阳区,25.506043237153676,5.19,48.91788637136836,小鱼善水
54,2023-09-18 20:22:50,步行,武汉市汉阳区,9.900304071106909,1.79,30.0744483959097,当、情歌老了
55,2023-09-19 14:39:12,步行,武汉市汉阳区,1.9950106782056465,0.62,32.990138499511296,zs_1460076
56,2023-09-22 19:10:04,步行,武汉市汉阳区,9.833335378094377,2.07,45.83160400390625,会在坚持
57,2023-09-23 16:38:36,步行,武汉市汉阳区,6.609147618627293,1.32,46.00976862836669,圆滚滚_LBL4226359
58,2023-09-25 11:32:45,步行,武汉市汉阳区,19.67242854590828,1.22,26.893533402095798,AYO-Weiko168
59,2023-09-25 14:26:29,步行,武汉市汉阳区,2.567517950821799,2.3,44.60607646074039,kadzwz
60,2023-09-25 19:08:47,步行,武汉市汉阳区,11.494039458341495,2.32,73.14505975683196,雪花
61,2023-09-27 19:32:16,步行,武汉市汉阳区,13.238158583545234,3.12,67.4642843740676,会在坚持
62,2023-09-28 05:40:41,步行,武汉市汉阳区,10.208749882556601,1.08,22.079984189299623,anew101
63,2023-09-28 11:24:15,步行,武汉市汉阳区,0.6121609062429032,1.12,26.593739009976993,zs_6318905
64,2023-09-30 06:25:08,步行,武汉市汉阳区,11.265607841092232,1.26,44.67135710898321,anew101
65,2023-09-30 09:34:15,步行,武汉市汉阳区,8.344139692855562,3.11,49.46328552074061,Dawnson.wang
66,2023-10-02 06:32:34,步行,武汉市汉阳区,4.682455227642983,0.71,30.562761331908405,anew101
67,2023-10-03 08:06:40,步行,武汉市汉阳区,7.054795860248495,2.78,54.70368687584176,李达平同学
68,2023-10-03 19:29:55,步行,武汉市汉阳区,16.58221122910875,3.25,37.80503689856275,黄方帅
69,2023-10-03 19:39:53,步行,武汉市汉阳区,5.586921791107058,2.87,44.77841914932833,Atopos._LBL2445910
70,2023-10-05 16:44:50,步行,武汉市汉阳区,1.8484802033857122,0.45,27.361356792619638,大伟龙灯堤
71,2023-10-06 17:51:46,步行,武汉市汉阳区,13.159595265611102,2.01,57.302535370292674,黄方帅
72,2023-10-07 10:15:35,步行,武汉市汉阳区,13.210005713888805,7.52,96.59599329380447,️
73,2023-10-07 15:34:30,步行,武汉市汉阳区,6.49072409646356,4.25,66.99805330381369,Leanne_LBL4124198
74,2023-10-08 09:26:51,步行,武汉市汉阳区,3.2702728640776857,1.32,49.835467330420016,zs_1392576
75,2023-10-08 11:01:02,步行,武汉市汉阳区,0.5241444995844139,0.25,64.3954104834735,天才小虔
76,2023-10-08 09:41:22,步行,武汉市汉阳区,8.422083714076688,2.79,82.82696533203125,再见理想H
77,2023-10-09 13:59:45,步行,武汉市汉阳区,1.2512859190309742,0.42,33.89618426616824,zs_0341743
78,2023-10-10 15:23:33,步行,武汉市汉阳区,9.186823351148888,2.69,22.3492431640625,暮溪
79,2023-10-11 08:43:11,步行,武汉市汉阳区,3.8313628954035486,2.03,86.54578820834016,zs_0341743
80,2023-10-11 18:00:58,步行,武汉市汉阳区,5.714831484648546,1.11,71.9,山高路远。
81,2023-10-11 18:52:31,步行,武汉市汉阳区,14.987562314810626,2.61,95.75028883507893,黄方帅
82,2023-10-11 19:31:54,步行,武汉市汉阳区,9.251608182736577,2.51,65.12460188689512,会在坚持
83,2023-10-12 14:04:13,步行,武汉市汉阳区,17.738817245629523,2.15,55.20918527295714,zs_7568779
84,2023-10-15 10:35:31,步行,武汉市汉阳区,3.6092518933207365,2.47,13.0799400795363,zs_2947588
85,2023-10-15 15:50:05,步行,武汉市汉阳区,3.113640571183252,0.99,49.30609359258232,木头人_LBL4177819
86,2023-10-15 16:00:35,步行,武汉市汉阳区,2.915524851659336,2.3,22.374043349207998,zs_2947588
87,2023-10-17 16:15:06,步行,武汉市汉阳区,5.516885674309205,2.56,55.41097081221808,乐歌_7201105
88,2023-10-17 15:16:01,步行,武汉市汉阳区,3.0789017930814433,0.91,31.56500244140625,zs0_7136432
89,2023-10-18 07:16:10,步行,武汉市汉阳区,1.2907069368912378,0.7,6.632378480309287,zs_2947588
90,2023-10-18 07:16:10,步行,武汉市汉阳区,1.2907069368912378,0.7,6.632378480309287,zs_2947588
91,2023-10-18 08:46:15,步行,武汉市汉阳区,4.347479197363314,2.95,26.17502870017444,zs_6869270
92,2023-10-18 10:34:03,步行,武汉市汉阳区,1.4052569810712119,0.27,18.943865352935354,琛宸儿.玐玐～雪姨！
93,2023-10-18 10:54:32,步行,武汉市汉阳区,2.641103751025817,0.43,24.009434564290515,琛宸儿.玐玐～雪姨！
94,2023-10-18 11:35:53,步行,武汉市汉阳区,1.1949164254944178,0.38,24.282227817200233,琛宸儿.玐玐～雪姨！
95,0,未知类型,武汉市汉阳区,0,0,0,匿名
96,2023-10-18 12:00:21,步行,武汉市汉阳区,0.6422049442264328,0.07,22.271444616572317,琛宸儿.玐玐～雪姨！
97,2023-10-18 15:20:53,步行,武汉市汉阳区,5.47247822666191,2.19,43.06250284868533,zs_7933167
98,2023-10-18 15:20:04,步行,武汉市汉阳区,4.7375842017329814,2.21,46.151917812121056,漓辞
99,2023-10-19 12:47:06,步行,武汉市汉阳区,2.3303045964977396,1.32,55.348178242716315,zs_2947588
100,2023-10-19 19:31:31,步行,武汉市汉阳区,5.021210224920032,1.18,35.461762227118015,LBL_6342435
101,2023-10-20 00:14:03,步行,武汉市汉阳区,18.760525443649605,2.57,56.04425152590128,o_O_LBL4370511
102,2023-10-20 06:22:15,步行,武汉市汉阳区,9.823723961058556,1.02,40.24332347736022,anew101
103,2023-10-20 08:32:41,步行,武汉市汉阳区,13.658255085244281,1.05,30.252521714060652,ZG_71715298
104,2023-10-21 21:52:04,步行,武汉市汉阳区,4.502058316653406,0.86,34.75744035281241,临窗听雪
105,2023-10-22 17:09:42,步行,武汉市汉阳区,3.3837850668002325,1.21,21.097346057141113,zs_8285835
106,2023-10-22 18:01:06,步行,武汉市汉阳区,2.6803453908663917,1.18,20.336748129753712,zs_2728628
107,2023-10-23 07:12:47,步行,武汉市汉阳区,1.484879405238022,0.28,56.43052885867655,蜘蛛扑鱼
108,2023-10-23 13:19:34,步行,武汉市汉阳区,0.8174508829681022,1.56,46.16422280531526,zs_2845635
109,2023-10-23 13:21:09,步行,武汉市汉阳区,0.5932198589134832,1.28,35.56199525414652,zs_0390632
110,2023-10-23 19:41:51,步行,武汉市汉阳区,9.509373424369471,1.87,42.089372203565546,朝侠＆滚滚长江
111,2023-10-23 19:59:30,步行,武汉市汉阳区,1.101550999606678,0.23,19.566295320110694,暴哥
112,2023-10-25 12:01:26,步行,武汉市汉阳区,1.0075428511545386,0.08,24.854336772656744,白_LBL2754844
113,0,未知类型,武汉市汉阳区,0,0,0,匿名
114,2023-10-26 19:12:51,步行,武汉市汉阳区,5.909738422744823,1.51,89.92132282683718,zs0_0128856
115,2023-10-27 09:48:19,步行,武汉市汉阳区,3.51484246841302,2.27,45.91724177273894,zs_2298772
116,2023-10-27 10:19:00,步行,武汉市汉阳区,7.44194996936849,1.26,20.053440012838788,白_LBL2754844
117,0,未知类型,武汉市汉阳区,0,0,0,匿名
118,2023-10-27 12:28:38,步行,武汉市汉阳区,6.50465853815268,3.29,73.39665440151565,玺_LBL2697593
119,2023-10-27 16:05:36,步行,武汉市汉阳区,0.6623688751451288,0.2,17.288234694357538,zs_3318510
120,114.264897,未知类型,武汉市汉阳区,0,0,0,30.590034
121,2023-10-27 19:35:19,步行,武汉市汉阳区,4.542234279796236,1.61,29.822754873059566,哲哲89564
122,2023-10-28 08:55:58,步行,武汉市汉阳区,10.088085107885824,3.71,74.92413254814808,LBL_2651330
123,2023-10-28 09:36:44,步行,武汉市汉阳区,2.2960277191411977,1.18,10.940426494100558,弗洛尔
124,2023-10-28 18:53:22,步行,武汉市汉阳区,1.1686639515391752,0.44,78.23120808087508,黄杨八景
125,2023-10-29 15:28:57,步行,武汉市汉阳区,8.139099218073332,2.1,30.80382746052956,朝侠＆滚滚长江
126,2023-10-30 22:23:34,步行,武汉市汉阳区,3.5494749924258313,0.67,51.597023797426985,临窗听雪
127,2023-11-01 16:43:21,步行,武汉市汉阳区,0.14046363052665012,0.04,23.82170964697209,j九
128,2023-11-02 08:44:46,步行,武汉市汉阳区,1.0310790775636594,0.76,23.41082763671875,陈杰成_LBL4363826
129,2023-11-02 08:44:06,步行,武汉市汉阳区,32.20443735316772,5.17,27.836462205944084,zs_6012206
130,2023-11-02 10:24:39,步行,武汉市汉阳区,3.2416945096901237,1.49,76.31863916591115,jacky_LBL2678965
131,2023-11-02 21:25:22,步行,武汉市汉阳区,5.147442507565899,0.63,19.61059919556704,朝侠＆滚滚长江
132,2023-11-03 23:07:52,步行,武汉市汉阳区,25.246805474647555,6.88,72.72708213805764,zs_9359900
133,2023-11-04 15:00:12,步行,武汉市汉阳区,4.550075038621595,2.07,90.85328185243175,梦话
134,2023-11-04 15:40:18,步行,武汉市汉阳区,5.066522350881628,1.09,147.79815849289298,一见
135,2023-11-06 14:34:14,步行,武汉市汉阳区,10.231658940634542,4.06,50.436384373786225,zs_7033139
136,2023-11-06 18:02:06,步行,武汉市汉阳区,49.80893661794229,20.01,137.49965053471578,孙跑跑
137,2023-11-07 12:56:17,步行,武汉市汉阳区,3.2457788843490123,2.29,43.76800530217588,少喝奶茶
138,2023-11-07 13:04:02,步行,武汉市汉阳区,1.949849743907158,0.96,6.823638916015625,zs_2947588
139,2023-11-08 12:42:57,步行,武汉市汉阳区,1.3758928914950495,0.9,19.67842891438919,zs_2947588
140,0,未知类型,武汉市汉阳区,0,0,0,匿名
141,0,未知类型,武汉市汉阳区,0,0,0,匿名
142,2023-11-10 10:55:42,步行,武汉市汉阳区,7.921395906696858,1.78,22.13049777511295,朝侠＆滚滚长江
143,2023-11-12 14:38:01,步行,武汉市汉阳区,7.290501837409713,2.84,65.16569498503132,一个阿宅
144,2023-11-12 17:35:16,未知类型,武汉市汉阳区,1.6967367077697058,0.39,19.540748922021532,zs_0425003
145,2023-11-13 14:49:37,步行,武汉市汉阳区,8.10497886603802,2.48,84.01517458358353,zs_5518407
146,2023-11-14 11:00:57,步行,武汉市汉阳区,8.71757349076706,1.16,17.31211161147803,zs_2590418
147,2023-11-14 19:15:28,步行,武汉市汉阳区,9.031270259251114,2.25,73.26609883082847,zs_1370401
148,2023-11-14 19:29:58,步行,武汉市汉阳区,8.60847604767283,1.82,76.7746140264426,LBL_7587823
149,2023-11-16 12:33:54,步行,武汉市汉阳区,0.17410994439389235,0.07,7.536400011740625,zs_0425003
150,2023-11-16 12:50:52,步行,武汉市汉阳区,5.004794199147696,1.11,16.043520419858396,胡杨
151,2023-11-16 15:13:40,步行,武汉市汉阳区,2.1814818154292728,0.72,73.0,zs_0425003
152,2023-11-16 16:44:38,步行,武汉市汉阳区,5.564003171571109,0.61,42.93211597029314,zs_0425003
153,2023-11-16 16:44:38,步行,武汉市汉阳区,5.564003171571109,0.61,42.93211597029314,zs_0425003
154,2023-11-16 15:13:40,步行,武汉市汉阳区,2.1814416945837984,0.72,73.93,zs_0425003
155,2023-11-16 15:13:40,步行,武汉市汉阳区,2.1814340936981074,0.72,73.92787056184257,zs0_7130103
156,2023-11-17 19:40:01,步行,武汉市汉阳区,1.8909767911821131,1.33,27.025322554919573,LBL_7019958
157,2023-11-18 06:28:19,步行,武汉市汉阳区,6.107862753459932,0.6,15.814392009826026,老李属牛
158,2023-11-18 09:20:45,步行,武汉市汉阳区,8.242764314231005,2.54,80.94213627187165,whoismomo
159,2023-11-18 14:49:42,步行,武汉市汉阳区,3.5695298130650857,1.43,62.5151612642307,S50055000
160,2023-11-19 05:21:30,步行,武汉市汉阳区,8.215859228524698,3.84,25.74507015308594,龙马精神
161,2023-11-19 11:50:16,步行,武汉市汉阳区,49.42603448397466,6.62,214.50089457399514,想恰碗热干面
162,2023-11-21 05:43:25,步行,武汉市汉阳区,7.201424006010201,2.95,20.996875124068428,龙马精神
163,2023-11-21 19:09:13,步行,武汉市汉阳区,3.7828137620486944,0.46,14.85009765625,木易_LBL4103938
164,2023-11-22 19:53:44,步行,武汉市汉阳区,2.4146339779523753,0.28,18.93360539832152,木易_LBL4103938
165,2023-11-23 05:41:00,步行,武汉市汉阳区,13.042743989090264,4.31,69.56352291787778,精神
166,114.2675265,未知类型,武汉市汉阳区,0,0,0,30.5847815
167,2023-11-25 05:54:21,步行,武汉市汉阳区,10.097633754237634,3.3,19.37328864393687,精神
168,2023-11-25 15:53:40,步行,武汉市汉阳区,6.698426430743015,2.19,28.8912353515625,
169,2023-11-26 09:58:06,步行,武汉市汉阳区,28.648088047530997,7.86,44.20723327366638,zs_1150840
170,2023-11-26 15:13:59,步行,武汉市汉阳区,11.232212662637572,1.27,17.21003005086609,一张火灵灵
171,2023-11-29 17:10:05,步行,武汉市汉阳区,1.1202285112611514,0.39,16.82284761783516,zs0_7136432
172,2023-11-30 09:44:34,未知类型,武汉市汉阳区,0.12786299711568008,0.1,4.7705896445024045,zs0_7136432
173,2023-11-30 16:59:18,步行,武汉市汉阳区,6.685583747885174,1.59,39.10238826092228,zs_1037731
174,2023-11-30 18:30:19,步行,武汉市汉阳区,4.293604793386898,0.46,28.17462158203125,木易_LBL4103938
175,2023-11-30 20:06:27,步行,武汉市汉阳区,4.566715588552959,0.82,44.68077955276573,金楚狂歌
176,2023-12-01 18:39:58,步行,武汉市汉阳区,5.7163215388332524,1.34,100.6373291015625,LBL_7254046
177,2023-12-05 09:28:57,步行,武汉市汉阳区,1.9649740940081806,0.95,72.53118362221882,zs0_7195416
178,2023-12-05 09:25:58,步行,武汉市汉阳区,8.887794790331313,1.95,78.03836229169636,zs_4800789
179,2023-12-05 10:44:52,步行,武汉市汉阳区,1.41788804456097,0.44,12.79331734452524,zs0_7195416
180,2023-12-05 19:38:52,步行,武汉市汉阳区,7.039826956622316,1.59,17.12548250397801,zs0_6353617
181,2023-12-06 21:09:09,步行,武汉市汉阳区,27.338382575242267,14.86,257.4068234978671,若水_LBL4527731
182,2023-12-07 11:15:48,步行,武汉市汉阳区,13.878672653495686,8.74,56.85805675906677,依（Ran）然
183,2023-12-09 08:02:38,步行,武汉市汉阳区,17.310997459086295,5.82,87.2015380859375,LBL_7254046
184,2023-12-12 15:01:26,步行,武汉市汉阳区,1.7200990065168478,1.08,33.70255554129161,zs0_2568465
185,2023-12-13 17:58:33,步行,武汉市汉阳区,1.4216248654728045,0.31,49.69092436663048,潇湘旅客
186,2023-12-14 09:10:45,步行,武汉市汉阳区,45.99228974530665,5.16,59.32217398549383,长弓_LBL1187385
187,2023-12-15 22:43:36,步行,武汉市汉阳区,4.348313986238815,0.06,30.67035693327245,zs_7861959
188,2023-12-17 10:50:40,步行,武汉市汉阳区,11.079095799694638,2.61,28.679134768379402,朝侠＆滚滚长江
189,2023-12-19 09:36:07,步行,武汉市汉阳区,2.6783681709354945,1.69,17.30330791224331,开妍以宁
190,2023-12-19 15:46:54,步行,武汉市汉阳区,3.492847744851864,0.71,34.48681455379168,胡星
191,2023-12-20 11:43:01,步行,武汉市汉阳区,0.4517111854099015,0.16,19.99543482605922,zs_2875703
192,2023-12-20 16:54:59,步行,武汉市汉阳区,17.34478601526437,4.28,77.28060777421464,朝侠＆滚滚长江
193,2023-12-21 17:10:08,步行,武汉市汉阳区,2.2252532371591616,0.14,118.51208605825704,依（Ran）然
194,2023-12-21 21:29:17,步行,武汉市汉阳区,0.0,0.02,126.68609619140625,依（Ran）然
195,2023-12-23 13:53:33,未知类型,武汉市汉阳区,5.270632957820246,2.29,68.76,zs_0425003
196,2023-12-23 15:41:28,步行,武汉市汉阳区,0.028382138520195388,0.01,11.151385100075538,zs_5090790
197,2023-12-24 14:09:58,步行,武汉市汉阳区,25.272175597995968,0.68,49.7912988867033,孙有涛
198,2023-12-24 19:29:08,步行,武汉市汉阳区,5.872446580733587,0.64,77.37005853378547,lemon
199,2023-12-26 10:02:54,步行,武汉市汉阳区,1.7692609012842413,0.64,17.69091796875,秋实_广州
200,2023-12-26 10:42:20,步行,武汉市汉阳区,3.133595603638612,5.88,58.44499969680516,zs0_0106627
201,2023-12-27 09:33:00,步行,武汉市汉阳区,12.083305040331567,4.42,326.4700183465057,zs_1037731
202,2023-12-27 15:12:31,步行,武汉市汉阳区,4.1187061037654145,2.01,30.825404444414712,zs_1037731
203,2023-12-27 19:00:00,步行,武汉市汉阳区,10.36065214480567,2.45,53.34537911343212,鱼子酱的周一
204,2023-12-27 19:09:58,步行,武汉市汉阳区,5.695010997927991,2.4,84.54398309706356,zs_7125520
205,2023-12-27 19:18:21,步行,武汉市汉阳区,8.85674611694972,2.04,55.87914695025453,teriri
206,2023-12-28 18:25:33,步行,武汉市汉阳区,5.28988871664833,1.48,115.52645814139451,宝宝壮壮
207,2023-12-31 21:26:18,步行,武汉市汉阳区,2.3738499830595035,0.78,55.49060351101873,雨夜星空707305
208,2024-01-01 11:15:13,步行,武汉市汉阳区,8.100834422756945,2.86,72.02714328876604,chenxt99
209,2024-01-02 07:43:11,步行,武汉市汉阳区,5.905347651616242,1.2,28.95232528023442,晓京
210,2024-01-03 07:31:18,步行,武汉市汉阳区,14.382151097945563,2.66,77.11482702613277,晓京
211,0,未知类型,武汉市汉阳区,0,0,0,匿名
212,2024-01-04 08:55:36,步行,武汉市汉阳区,6.826298442377643,2.69,33.17499686227591,zs_6257276
213,0,未知类型,武汉市汉阳区,0,0,0,匿名
214,2024-01-05 09:49:26,步行,武汉市汉阳区,1.7160839235377292,0.68,34.0421142578125,阿尔
215,2024-01-05 09:49:26,步行,武汉市汉阳区,1.7160839235377292,0.68,34.0421142578125,阿尔
216,2024-01-05 10:36:53,步行,武汉市汉阳区,18.854449382795273,7.89,38.00847936004382,小东西_LBL3904372
217,2024-01-07 14:26:57,步行,武汉市汉阳区,3.9794581106444764,2.32,82.19321166571281,Miss Puff
218,2024-01-08 10:57:01,步行,武汉市汉阳区,3.082994757761729,0.71,77.89612496716737,哈哈大书
219,0,未知类型,武汉市汉阳区,0,0,0,匿名
220,2024-01-10 20:14:42,步行,武汉市汉阳区,2.3070480792956802,0.73,78.32372343326665,杨咩咩_LBL3456855
221,2024-01-10 20:14:42,步行,武汉市汉阳区,2.3070480792956802,0.73,78.32372343326665,杨咩咩_LBL3456855
222,0,未知类型,武汉市汉阳区,0,0,0,匿名
223,2024-01-11 09:53:07,步行,武汉市汉阳区,1.3542132490961387,1.28,60.821043557857266,zs0_2568465
224,2024-01-12 16:20:07,步行,武汉市汉阳区,2.3148467383036166,1.61,46.41222975931499,zs_1143351
225,2024-01-12 18:09:41,步行,武汉市汉阳区,0.5490434776755593,0.35,42.951418811170136,果冻_LBL1374236
226,2024-01-13 11:00:33,步行,武汉市汉阳区,4.767949978508188,2.4,83.89089264170032,杨咩咩_LBL3456855
227,2024-01-13 13:19:08,步行,武汉市汉阳区,16.990481790716363,4.41,42.73192681265786,叁叶╯ε╰
228,2024-01-14 18:03:56,步行,武汉市汉阳区,19.386535073651917,5.32,677.7158203125,雨夜星空707305
229,0,未知类型,武汉市汉阳区,0,0,0,匿名
230,2024-01-17 16:13:36,步行,武汉市汉阳区,7.250397456889338,1.6,56.21055326813155,zs_3457196
231,2024-01-20 16:37:46,步行,武汉市汉阳区,5.022140839832679,0.87,41.499880743651396,yuanzh_LBL4601425
232,2024-01-21 09:59:45,步行,武汉市汉阳区,2.3597334617721164,1.06,32.824619686747404,大王小王_团建
233,2024-01-21 11:24:03,步行,武汉市汉阳区,22.657782405481928,5.54,39.10223078587327,老K·领队
234,2024-01-22 14:21:21,步行,武汉市汉阳区,1.953965550401827,0.52,76.13818079535889,吴澳℡¹⁵⁶²³⁸⁴⁸⁵²⁷拓展
235,2024-01-23 15:24:39,步行,武汉市汉阳区,4.20467929438392,2.4,88.89403584356393,叁叶╯ε╰
236,2024-01-24 09:36:16,步行,武汉市汉阳区,23.344031635017497,1.83,40.101046362086436,zs_0501828
237,2024-01-24 09:52:02,步行,武汉市汉阳区,0.4272644849295363,0.14,38.376953125,一江明月~汪明月
238,2024-01-26 15:17:52,步行,武汉市汉阳区,0.9048062599042707,0.39,36.440431199246504,和安安
239,2024-01-26 10:46:22,步行,武汉市汉阳区,1.2003920081835504,1.36,24.6915226645741,Chen_AQ
240,2024-01-26 16:15:28,步行,武汉市汉阳区,1.3844340398356183,1.51,22.866081939012766,Chen_AQ
241,2024-01-27 07:05:26,步行,武汉市汉阳区,10.531566742703728,1.09,22.86158706502211,anew101
242,2024-01-27 11:53:27,步行,武汉市汉阳区,6.718844133167815,5.61,29.90797249250062,满意的易
243,2024-01-28 09:13:50,步行,武汉市汉阳区,17.527203506224712,6.85,78.14410231641924,老K·领队
244,2024-01-28 09:30:14,步行,武汉市汉阳区,16.154025640934375,7.7,67.52669461605863,Slowly1012
245,2024-01-28 14:55:26,步行,武汉市汉阳区,0.42043517321326584,0.22,10.186070413692274,ccxxwh
246,2024-01-28 10:11:09,步行,武汉市汉阳区,11.220124828933029,4.6,74.67179923104382,zs_8662697
247,2024-01-28 15:27:36,步行,武汉市汉阳区,3.6888793293696422,0.45,24.0453560622409,zs_8643049
248,2024-01-29 00:09:51,步行,武汉市汉阳区,4.019520593642554,0.5,50.23688640129835,凡爱
249,2024-01-29 06:52:03,步行,武汉市汉阳区,13.153109329802541,1.42,58.17949451443301,anew101
250,2024-01-29 10:09:11,步行,武汉市汉阳区,46.31527637695426,1.94,25.21629909035161,zs_7036310
251,2024-01-30 14:22:45,步行,武汉市汉阳区,5.947476833465352,1.81,25.638454046478802,王忠_LBL3081482
252,2024-01-30 14:33:11,步行,武汉市汉阳区,5.13779097053603,1.79,57.02302280166414,zs_9825153
253,2024-01-31 08:40:36,步行,武汉市汉阳区,40.4708296681117,57.46,108.10324753602626,zs_6012206
254,2024-02-03 17:00:02,步行,武汉市汉阳区,25.152915795841075,1.51,148.3317112330333,zs_2947588
255,2024-02-08 14:17:00,步行,武汉市汉阳区,5.684901059856923,2.36,86.0,孟庆军
256,2024-02-11 15:39:58,步行,武汉市汉阳区,0.4795033319451925,0.17,38.34060051084872,bj秋水长天
257,0,未知类型,武汉市汉阳区,0,0,0,匿名
258,2024-02-16 09:31:27,步行,武汉市汉阳区,3.4771890286553444,2.4,75.98942724140126,龙骨john
259,2024-02-16 10:00:33,步行,武汉市汉阳区,3.692658686283657,0.75,34.49008538605906,shenpc01
260,2024-02-16 21:18:17,步行,武汉市汉阳区,5.181940466083816,1.31,65.73556578197105,天衡一笑
261,2024-02-17 08:44:54,步行,武汉市汉阳区,10.812755599609988,2.09,46.89259525032013,Dawnson.wang
262,2024-02-18 13:04:23,步行,武汉市汉阳区,20.54336840606288,9.61,70.31808505826478,风继续吹000
263,2024-02-18 14:15:53,步行,武汉市汉阳区,3.2063335790531884,2.63,88.07189139870273,№_LBL4355494
264,2024-02-19 11:17:17,步行,武汉市汉阳区,8.106346596718808,1.51,33.74493966261444,yuanzh_LBL4601425
265,2024-02-21 11:28:22,步行,武汉市汉阳区,4.3669407362225705,1.22,247.46682150667897,zs_2547288
266,2024-02-26 18:48:19,步行,武汉市汉阳区,7.020393140053505,1.93,32.43619596657424,
267,2024-02-27 14:44:41,步行,武汉市汉阳区,1.8061963616744812,1.54,38.984536685980856,zs_6769812
268,2024-02-27 15:05:40,未知类型,武汉市汉阳区,1.3947883851553333,1.15,84.40262532513907,zs_9825153
269,2024-02-27 15:05:40,未知类型,武汉市汉阳区,1.3947883851553333,1.15,84.40262532513907,zs_9825153
270,2024-02-27 15:05:40,未知类型,武汉市汉阳区,1.3947883851553333,1.15,84.40262532513907,zs_9825153
271,2024-02-28 21:22:16,步行,武汉市汉阳区,0.5072001078015087,0.07,12.233371654304936,zs_2590418
272,2024-03-02 13:16:11,步行,武汉市汉阳区,0.6869443225558342,0.82,58.39379213770554,zs_7151107
273,2024-03-02 13:16:11,步行,武汉市汉阳区,0.6869443225558342,0.82,58.39379213770554,zs_7151107
274,2024-03-02 13:16:11,步行,武汉市汉阳区,0.6869443225558342,0.82,58.39379213770554,zs_7151107
275,2024-03-02 14:44:08,未知类型,武汉市汉阳区,2.4194423816636785,1.83,69.8546498549631,zs_9825153
276,2024-03-02 14:44:08,未知类型,武汉市汉阳区,2.4194423816636785,1.83,69.8546498549631,zs_9825153
277,2024-03-02 14:44:08,未知类型,武汉市汉阳区,2.4194423816636785,1.83,69.8546498549631,zs_9825153
278,2024-03-02 15:05:54,步行,武汉市汉阳区,7.4294299052195685,2.94,94.88557822266247,yuanzh_LBL4601425
279,2024-03-03 13:49:41,步行,武汉市汉阳区,13.66985852120287,2.48,96.39088359302471,yasha
280,2024-03-05 07:22:11,步行,武汉市汉阳区,5.050965591627972,1.03,20.171777714941577,龙骨john
281,2024-03-05 18:23:13,步行,武汉市汉阳区,9.874198784510295,1.73,86.90343988396825,浪子千帆
282,2024-03-06 08:00:20,步行,武汉市汉阳区,5.057356992895078,1.03,20.3570556640625,龙骨john
283,2024-03-06 10:24:33,步行,武汉市汉阳区,3.559312569888569,0.46,23.03856900829206,X_yuan
284,2024-03-06 13:32:41,步行,武汉市汉阳区,7.980673530321289,2.38,51.97789217110747,zs_7111757
285,2024-03-06 14:40:44,步行,武汉市汉阳区,17.533999769058585,2.51,29.662005072844188,zs_1293720
286,2024-03-06 14:40:44,步行,武汉市汉阳区,17.533999769058585,2.51,29.662005072844188,zs_1293720
287,2024-03-07 14:50:00,步行,武汉市汉阳区,1.0208120497215722,0.16,29.770089708236398,半岛铁盒_LBL4994236
288,2024-03-07 22:52:14,步行,武汉市汉阳区,8.19520834138305,1.78,75.08925985075483,zs_9825153
289,2024-03-08 10:25:32,步行,武汉市汉阳区,1.0210958986911207,0.45,19.451211738715397,zs_9834058
290,2024-03-08 11:02:35,步行,武汉市汉阳区,2.167731201167941,0.89,27.99492819521353,zs_9834058
291,2024-03-08 13:53:58,步行,武汉市汉阳区,6.618703802872076,1.51,30.55218505859375,姚路（团建，拓展，运动会）
292,2024-03-08 16:52:08,步行,武汉市汉阳区,4.939518827004643,0.86,14.204160290619814,zs_2801533
293,2024-03-09 08:41:07,步行,武汉市汉阳区,25.164753712389555,6.21,83.27547527884288,城市工
294,2024-03-09 12:08:01,步行,武汉市汉阳区,26.76029208164361,6.71,57.782727502156064,zs_6460188
295,2024-03-12 12:05:35,步行,武汉市汉阳区,2.212949066906073,0.55,56.319522701500816,单车行
296,2024-03-12 20:25:57,步行,武汉市汉阳区,1.064134271854023,0.4,40.06262147421747,ཚེ།ཁྲིམས།
297,2024-03-12 20:27:11,步行,武汉市汉阳区,1.056452273911518,0.37,44.45771993691165,风向决定发型_LBL4095088
298,2024-03-13 18:26:43,步行,武汉市汉阳区,5.013762209402682,0.72,30.17742919921875,zs_2947588
299,2024-03-13 18:42:10,步行,武汉市汉阳区,5.4399548440926155,1.47,87.65772633041297,杨咩咩_LBL3456855
300,2024-03-13 22:05:10,步行,武汉市汉阳区,2.269769681874329,0.77,29.823071985318848,Nix_LBL4917753
301,2024-03-13 22:05:10,步行,武汉市汉阳区,2.269769681874329,0.77,29.823071985318848,Nix_LBL4917753
302,2024-03-13 22:05:10,步行,武汉市汉阳区,2.269769681874329,0.77,29.823071985318848,Nix_LBL4917753
303,2024-03-14 18:40:15,步行,武汉市汉阳区,10.501665937232882,1.94,65.08742140008633,浪子千帆
304,2024-03-14 23:10:46,步行,武汉市汉阳区,4.202878152113179,0.35,18.606054335975255,Nix_LBL4917753
305,2024-03-15 20:00:19,步行,武汉市汉阳区,2.391693617629053,0.55,21.885765261577834,三年
306,2024-03-16 08:52:47,步行,武汉市汉阳区,24.15203517106463,9.23,58.81686167976031,城市工
307,2024-03-16 09:32:10,步行,武汉市汉阳区,5.227040399838244,3.03,80.15800586769605,treeCathy
308,2024-03-16 12:34:26,步行,武汉市汉阳区,2.8635964444494757,0.83,113.77548265265611,三年
309,2024-03-17 09:00:58,步行,武汉市汉阳区,7.850092705787806,1.63,80.92641334766476,yuanzh_LBL4601425
310,2024-03-19 08:55:35,步行,武汉市汉阳区,30.64959257840717,7.47,23.602210336276134,城市工
311,2024-03-19 13:31:23,步行,武汉市汉阳区,1.311104893405532,0.31,20.184307181954857,三年
312,2024-03-19 19:06:51,步行,武汉市汉阳区,3.4655953950528735,1.2,26.600830562486568,LBL_1795706
313,2024-03-20 08:32:28,步行,武汉市汉阳区,16.153916030023154,3.53,46.63453647183917,晓京
314,2024-03-20 12:27:54,步行,武汉市汉阳区,4.090311956264292,0.85,25.55951418011287,三年
315,2024-03-20 12:52:10,步行,武汉市汉阳区,0.5106044658737701,0.41,91.81779806005578,Moony_LBL5092321
316,2024-03-20 16:02:23,步行,武汉市汉阳区,2.2308656330529644,1.22,20.371604741736867,长桥07170353
317,2024-03-21 08:20:21,步行,武汉市汉阳区,42.77982528803701,9.98,44.8144373954296,愉快的鹰击长空
318,2024-03-21 14:49:45,步行,武汉市汉阳区,14.714060140570082,3.43,41.286661642463635,青蛙妈妈
319,2024-03-21 08:21:34,步行,武汉市汉阳区,44.45623039797612,9.82,62.99161850310372,zs_2558058
320,2024-03-21 11:02:13,步行,武汉市汉阳区,5.884994022124254,3.58,36.88474770740081,缘陌
321,2024-03-21 12:13:27,步行,武汉市汉阳区,4.73444360293965,1.09,44.7500214994292,三年
322,2024-03-22 14:24:32,步行,武汉市汉阳区,32.3852065681922,7.04,107.13216434928889,Achilles
323,2024-03-23 07:30:28,步行,武汉市汉阳区,4.414677988802616,1.15,12.715242412727262,行骑
324,2024-03-23 16:16:31,步行,武汉市汉阳区,1.8537533265874582,0.55,78.01399873377785,大伟龙灯堤
325,2024-03-24 15:59:08,步行,武汉市汉阳区,2.5295604028199854,0.37,30.522479298609145,yoki哟
326,2024-03-25 14:08:22,步行,武汉市汉阳区,2.6056687281117132,1.49,93.25826633538054,轻轻听
327,2024-03-26 07:11:22,步行,武汉市汉阳区,5.363707836194909,0.87,8.510359380357988,七七呢
328,2024-03-26 09:25:37,步行,武汉市汉阳区,7.920276345660994,3.87,42.11920166015625,好说1511
329,2024-03-26 13:33:24,步行,武汉市汉阳区,4.334128804136604,4.59,86.37623072202682,缘陌
330,2024-03-26 19:07:25,步行,武汉市汉阳区,9.884542360143575,2.22,73.84209784358843,古城神话
331,2024-03-28 16:59:51,步行,武汉市汉阳区,2.3877521037092166,1.36,20.193608431587936,zs_7933167
332,2024-03-28 17:47:26,步行,武汉市汉阳区,4.428774694767945,0.83,52.92000939600015,Silhouette
333,2024-03-29 07:38:13,步行,武汉市汉阳区,62.54619354943868,9.39,152.05876460607897,故里_LBL3264371
334,2024-03-29 14:51:25,步行,武汉市汉阳区,2.955879392494665,2.0,78.74811005533046,Bling啊哈
335,2024-03-30 11:03:13,步行,武汉市汉阳区,2.7840958077554183,0.2,19.044677734375,穿山豹
336,2024-03-30 12:08:22,步行,武汉市汉阳区,126.15359194445666,11.22,411.44276310218163,Nirvana_LBL4662063
337,2024-03-31 09:23:58,步行,武汉市汉阳区,5.609607901188563,2.53,78.22648153867448,№_LBL4355494
338,2024-04-02 08:14:01,未知类型,武汉市汉阳区,3.4936222132913026,1.14,19.331055928677323,老顽童
339,2024-04-02 10:14:52,步行,武汉市汉阳区,1.9093501401101103,0.56,45.38289873079845,zs_6282248
340,2024-04-02 10:14:52,步行,武汉市汉阳区,1.9093501401101103,0.56,45.38289873079845,zs_6282248
341,2024-04-03 07:37:04,步行,武汉市汉阳区,0.6597237395145533,0.67,43.48358126081716,依_LBL2820270
342,2024-04-03 07:56:02,步行,武汉市汉阳区,2.1509460641702427,0.49,22.590160827041366,陳晶
343,2024-04-03 20:18:35,步行,武汉市汉阳区,0.716931680650466,0.07,28.53775175987994,zs_2303734
344,2024-04-03 20:28:26,步行,武汉市汉阳区,1.3010131283790034,0.14,23.42630407195078,zs_2303734
345,2024-04-04 09:54:15,步行,武汉市汉阳区,6.827526250993802,2.21,75.66685577052017,大力芭比
346,2024-04-04 14:10:47,步行,武汉市汉阳区,13.581466358501809,4.45,56.65987394267835,臭皮
347,2024-04-05 13:17:41,步行,武汉市汉阳区,2.749860649446095,1.65,82.43158974424735,zs_0888029
348,2024-04-05 13:30:27,步行,武汉市汉阳区,49.5646176232402,0.98,43.478002951560796,向庸
349,2024-04-06 15:56:33,步行,武汉市汉阳区,6.884770778283158,2.13,70.98761486284822,zs_
350,2024-04-06 17:00:45,步行,武汉市汉阳区,0.04913703287065876,0.01,36.79530327572014,zs_0223441
351,2024-04-06 20:08:52,步行,武汉市汉阳区,1.536725695808495,0.18,31.28465680810973,zs_2303734
352,2024-04-06 20:25:07,步行,武汉市汉阳区,1.3658149772960952,0.14,31.562458869733625,zs_2303734
353,2024-04-07 18:43:46,步行,武汉市汉阳区,3.5004194090798477,0.4,40.862783573280794,zs_0682348
354,2024-04-07 20:25:34,步行,武汉市汉阳区,4.42341088278998,0.89,38.618783005843135,浪子千帆
355,2024-04-08 08:19:39,步行,武汉市汉阳区,0.715436337143179,0.12,18.472003709655763,№_LBL4355494
356,2024-04-08 09:39:18,步行,武汉市汉阳区,2.1888330172341046,0.61,72.68883148326407,№_LBL4355494
357,2024-04-08 19:36:39,步行,武汉市汉阳区,6.719477037598453,2.17,66.26990014123992,Qin Dynasty
358,2024-04-09 00:41:54,步行,武汉市汉阳区,21.387924994251133,16.45,587.7900055249115,Achilles
359,2024-04-09 09:50:05,步行,武汉市汉阳区,57.15088007144277,4.06,46.681785271002965,zs_1547808
360,2024-04-09 11:37:34,步行,武汉市汉阳区,0.0,0.0,31.57623291015625,轻轻松松
361,2024-04-09 12:44:43,步行,武汉市汉阳区,1.4741916497899863,1.35,31.17073953151703,zs0_6456200
362,2024-04-09 17:49:37,步行,武汉市汉阳区,5.372481756729248,2.12,41.14227294921875,Love笨笨
363,2024-04-09 18:49:16,步行,武汉市汉阳区,3.5804333880934913,1.07,41.34945381309474,№_LBL4355494
364,2024-04-09 18:49:16,步行,武汉市汉阳区,3.5804333880934913,1.07,41.34945381309474,№_LBL4355494
365,2024-04-10 00:09:57,步行,武汉市汉阳区,3.3985689576467055,12.29,47.13492133569359,Achilles
366,2024-04-10 18:21:53,步行,武汉市汉阳区,8.512756467247172,5.18,74.57801369048155,Achilles
367,2024-04-10 21:31:15,步行,武汉市汉阳区,1.6979286948711223,0.55,38.09612454065096,谷雨k
368,2024-04-11 00:15:06,步行,武汉市汉阳区,13.226983463831804,13.04,116.34916060368616,Achilles
369,2024-04-12 02:17:24,步行,武汉市汉阳区,5.2032780410296775,10.38,165.0644223238275,Achilles
370,2024-04-12 12:16:42,步行,武汉市汉阳区,4.9223576751893185,1.44,28.179404573992667,LM8899
371,2024-04-12 14:01:24,步行,武汉市汉阳区,4.124551967925985,1.77,67.07226133447038,№_LBL4355494
372,2024-04-12 19:07:38,步行,武汉市汉阳区,12.75915253410091,2.47,37.72136366851887,浪子千帆
373,2024-04-13 01:16:25,步行,武汉市汉阳区,6.732780406477926,6.52,280.31880933706583,Achilles
374,2024-04-13 16:39:09,步行,武汉市汉阳区,7.403225151391431,2.76,65.06390402118265,谷雨k
375,2024-04-14 07:30:29,步行,武汉市汉阳区,42.89911492678124,8.42,56.00608361074936,zs_2746570
376,2024-04-14 07:41:55,步行,武汉市汉阳区,26.76235053958258,5.18,45.81050632819577,侠客王
377,2024-04-14 07:41:39,步行,武汉市汉阳区,26.790355107188017,5.57,56.062113540544715,haizhijiao
378,2024-04-14 08:02:35,步行,武汉市汉阳区,27.838206076574924,7.18,74.87245641046376,zs_1037731
379,2024-04-14 09:00:17,步行,武汉市汉阳区,11.345147929878813,6.17,85.53724216758515,丁莉波
380,2024-04-14 09:08:19,步行,武汉市汉阳区,12.580304683020728,6.34,83.23037391238583,冰香花睿
381,2024-04-14 09:45:32,步行,武汉市汉阳区,6.821004607394959,2.71,42.0799158772885,大力芭比
382,2024-04-14 17:40:00,步行,武汉市汉阳区,5.562767229115626,2.74,37.075937649080785,Love笨笨
383,2024-04-14 19:21:37,步行,武汉市汉阳区,1.0604451607014604,0.14,54.68611120021075,仙人一掌
384,2024-04-15 09:42:15,步行,武汉市汉阳区,0.8117777145298399,0.48,25.259035836512425,zs0_1679255
385,2024-04-15 09:47:02,步行,武汉市汉阳区,10.286950260145975,1.0,16.501918551499614,Panda
386,2024-04-15 09:48:07,步行,武汉市汉阳区,10.96500555374748,1.04,24.30990049359281,文_LBL5260620
387,2024-04-15 18:41:46,步行,武汉市汉阳区,10.329803315599836,3.86,67.34377342489728,谷雨k
388,2024-04-15 18:46:25,步行,武汉市汉阳区,11.229441978649248,2.38,41.25659270534949,晓京
389,2024-04-15 20:17:27,步行,武汉市汉阳区,3.00507064179296,3.35,71.1,Achilles
390,2024-04-16 07:31:53,步行,武汉市汉阳区,10.233658047626395,2.03,26.334263488928922,晓京
391,2024-04-16 13:16:15,步行,武汉市汉阳区,4.268357591358442,1.93,54.712245801790026,Achilles
392,2024-04-16 10:10:38,步行,武汉市汉阳区,4.018338350914194,1.23,79.20957600987292,刘芳_LBL3226722
393,2024-04-17 21:42:23,步行,武汉市汉阳区,0.0,0.01,-1.2950815844112165,Achilles
394,2024-04-17 15:14:12,步行,武汉市汉阳区,1.0175605144929147,0.72,14.678554623387754,大鱼_LBL5340937
395,2024-04-17 18:17:44,步行,武汉市汉阳区,6.386479847861015,1.6,31.161239697029384,渝利老田
396,2024-04-17 20:47:38,步行,武汉市汉阳区,1.7235428483163466,0.46,41.443674099717455,风过无痕～～～
397,2024-04-18 00:03:07,步行,武汉市汉阳区,31.55044263056278,23.13,81.87753543011216,Achilles
398,2024-04-18 05:44:41,步行,武汉市汉阳区,5.525900484275352,1.54,48.28000495572095,行骑
399,2024-04-19 00:02:51,步行,武汉市汉阳区,23.39614620240557,19.38,111.01754116554818,Achilles
400,2024-04-20 11:58:36,步行,武汉市汉阳区,29.42998083153799,9.15,58.432630902046725,zs_5557227
401,2024-04-21 08:29:34,步行,武汉市汉阳区,14.696042550984927,2.89,30.108730149017095,Dawnson.wang
402,0,未知类型,武汉市汉阳区,0,0,0,匿名
403,2024-04-22 04:47:41,步行,武汉市汉阳区,7.56780393933445,8.52,84.72585305145452,Achilles
404,2024-04-23 19:41:52,步行,武汉市汉阳区,0.31632195775228916,0.1,64.68344142080572,阿穆尔之雪
405,2024-04-24 09:48:46,步行,武汉市汉阳区,2.8493992646819053,0.22,16.856493478546795,徐世成
406,2024-04-24 09:48:46,步行,武汉市汉阳区,2.8493992646819053,0.22,16.856493478546795,徐世成
407,2024-04-24 19:43:57,步行,武汉市汉阳区,5.099030171606784,0.97,49.333456107091735,浪子千帆
408,2024-04-24 20:19:13,步行,武汉市汉阳区,5.1656907710436455,0.5,29.154473702111805,zs_2303734
409,2024-04-25 07:38:09,步行,武汉市汉阳区,6.620547980798408,1.49,30.617472894374025,晓京
410,2024-04-25 21:01:16,步行,武汉市汉阳区,0.7331133366326873,2.94,38.684117792327946,Achilles
411,2024-04-26 18:30:11,步行,武汉市汉阳区,3.0060261851186665,0.6,49.461461613372485,艾汗
412,2024-04-26 16:37:59,步行,武汉市汉阳区,6.314395724175203,1.31,55.288244141429686,Achilles
413,2024-04-26 18:15:14,步行,武汉市汉阳区,11.04910158591142,1.24,39.64506813242874,wu09906339
414,2024-04-26 19:31:42,步行,武汉市汉阳区,3.2153365378647702,0.67,44.93747283239194,yuanzh_LBL4601425
415,2024-04-26 19:10:42,步行,武汉市汉阳区,11.239085767345875,2.45,57.62856510060078,浪子千帆
416,2024-04-26 21:13:05,步行,武汉市汉阳区,3.5952131326905574,0.62,49.941373200797116,鹏哥*
417,2024-05-01 09:14:17,步行,武汉市汉阳区,71.45494791941228,13.1,165.20000000000002,雨粟
418,2024-05-01 09:14:17,步行,武汉市汉阳区,71.45494791941228,13.1,165.20000000000002,雨粟
419,2024-05-01 09:46:57,步行,武汉市汉阳区,1.6513358473180668,1.07,36.60210139684259,zs_7973850
420,2024-05-02 08:30:53,步行,武汉市汉阳区,10.601274896756152,3.87,61.26003673565771,行者无疆
421,2024-05-02 09:53:57,步行,武汉市汉阳区,2.4630464358825477,0.7,58.96553770788652,zs_7973850
422,2024-05-02 15:41:26,步行,武汉市汉阳区,2.834058828526962,3.18,34.9234619140625,zs_3325641
423,2024-05-02 18:06:11,步行,武汉市汉阳区,3.2241315330553877,3.64,70.8,雨粟
424,2024-05-02 21:32:27,步行,武汉市汉阳区,12.837505543363585,1.82,29.57417790044355,zs0_2731011
425,2024-05-03 10:07:58,步行,武汉市汉阳区,9.404630120163432,3.23,61.71651785755248,丁莉波
426,2024-05-03 13:20:31,步行,武汉市汉阳区,8.382510288104559,2.78,56.9655188287777,大力芭比
427,2024-05-04 09:17:52,步行,武汉市汉阳区,72.22821781085428,13.25,73.6,雨粟
428,2024-05-05 07:35:50,步行,武汉市汉阳区,37.12672790616778,36.86,210.35607515248233,齊寶正
429,2024-05-04 22:42:45,步行,武汉市汉阳区,3.2600341091924685,0.37,30.685960843598192,zs0_2731011
430,2024-05-05 20:46:45,步行,武汉市汉阳区,2.6238683322323464,0.48,236.75611312408,zs0_2731011
431,2024-05-06 05:53:26,步行,武汉市汉阳区,14.054289757015447,1.3,51.7,溪悬空中
432,2024-05-06 05:53:26,步行,武汉市汉阳区,14.054289757015447,1.3,51.7,溪悬空中
433,2024-05-06 23:21:26,步行,武汉市汉阳区,12.723037109596294,1.09,30.236735452897847,zs0_2731011
434,2024-05-07 08:11:57,步行,武汉市汉阳区,22.91126628906691,4.5,92.22844733784798,bill3508
435,2024-05-07 19:31:17,步行,武汉市汉阳区,5.382443830339059,1.24,67.1063232421875,张贵柱，
436,2024-05-07 20:15:04,步行,武汉市汉阳区,0.0,0.0,19.568678718215878,日月^Ⅴ^
437,2024-05-07 20:21:46,步行,武汉市汉阳区,19.11636673409642,2.15,33.592240839681416,zs0_2731011
438,2024-05-08 19:03:54,步行,武汉市汉阳区,9.769725647278333,1.85,74.92996363034098,笛子伢
439,2024-05-08 19:15:30,步行,武汉市汉阳区,9.23301256379237,1.73,79.63789582975232,勇敢的菜菜子呀
440,2024-05-08 19:56:06,步行,武汉市汉阳区,6.611476920870405,0.59,24.934326171875,zs_2303734
441,2024-05-08 20:45:03,步行,武汉市汉阳区,18.005219957498387,2.16,77.27500823140144,zs0_2731011
442,2024-05-08 20:45:03,步行,武汉市汉阳区,18.005219957498387,2.16,77.27500823140144,zs0_2731011
443,2024-05-09 11:19:27,步行,武汉市汉阳区,13.863468405725577,1.82,23.062581327663718,鹏哥*
444,2024-05-09 21:06:29,步行,武汉市汉阳区,14.014478162464147,1.83,40.86633707218007,zs0_2731011
445,0,未知类型,武汉市汉阳区,0,0,0,匿名
446,2024-05-10 18:43:49,步行,武汉市汉阳区,9.598056691731095,1.82,79.97958652043924,浪子千帆
447,2024-05-10 21:10:28,步行,武汉市汉阳区,10.068105386710595,1.32,50.84256205847625,zs0_2731011
448,2024-05-11 10:20:04,步行,武汉市汉阳区,2.021847419124148,1.45,31.900484522765176,zs_5557227
449,2024-05-11 20:06:20,步行,武汉市汉阳区,6.153231282377748,0.59,12.662265486410526,zs_2303734
450,2024-05-11 20:06:20,步行,武汉市汉阳区,6.153231282377748,0.59,12.662265486410526,zs_2303734
451,2024-05-12 17:02:33,步行,武汉市汉阳区,7.48093274755245,1.17,13.513344661332667,鹏哥*
452,2024-05-12 18:17:00,步行,武汉市汉阳区,1.0181988733574896,0.17,33.3603515625,仙人一掌
453,2024-05-12 21:02:32,步行,武汉市汉阳区,0.7913815043205341,0.08,22.680109977124935,zs0_2731011
454,2024-05-12 21:40:04,步行,武汉市汉阳区,3.4150630726926883,0.81,11.829709012887825,逍行户外-川
455,2024-05-12 22:13:11,步行,武汉市汉阳区,13.921703546091672,1.87,51.42658684030175,zs0_2731011
456,2024-05-13 06:44:06,步行,武汉市汉阳区,8.347626818064894,0.69,33.42292089480907,刘胜刚
457,2024-05-13 06:44:06,步行,武汉市汉阳区,8.347626818064894,0.69,33.42292089480907,刘胜刚
458,2024-05-13 19:41:43,步行,武汉市汉阳区,4.129354996394547,0.43,16.628532158396133,日月^Ⅴ^
459,2024-05-13 20:23:35,步行,武汉市汉阳区,2.854439176553097,0.71,25.262376656640132,不上山就上班
460,0,未知类型,武汉市汉阳区,0,0,0,匿名
461,2024-05-14 06:24:01,步行,武汉市汉阳区,10.224884869924496,1.63,21.17998423935335,zs0_2731011
462,2024-05-14 19:45:29,步行,武汉市汉阳区,5.451434525067267,0.65,134.2636737095027,chendaye027
463,2024-05-14 19:11:16,步行,武汉市汉阳区,12.017713327096137,2.51,71.45885093871001,浪子千帆
464,2024-05-14 19:18:14,步行,武汉市汉阳区,4.325589865565116,1.2,73.78644387217392,小陶_LBL5522661
465,2024-05-14 20:27:21,步行,武汉市汉阳区,4.602813133929475,0.5,28.2478194528438,zs_0596738
466,2024-05-15 07:33:16,步行,武汉市汉阳区,4.545725101343999,0.52,13.193508364347004,chendaye027
467,2024-05-15 09:59:32,步行,武汉市汉阳区,6.042387245123018,2.01,116.38913294306552,zs_2759620
468,2024-05-15 10:00:37,步行,武汉市汉阳区,6.313193983211763,1.29,87.45188522096815,倩倩_LBL4814067
469,2024-05-15 11:33:19,步行,武汉市汉阳区,8.50753939285048,1.35,22.97024583753805,鹏哥*
470,2024-05-15 19:14:31,步行,武汉市汉阳区,0.4634762769902041,0.1,42.91410065385898,yuanzh_LBL4601425
471,2024-05-15 21:58:34,步行,武汉市汉阳区,0.650196835712366,0.11,45.43804454980628,zs_0596738
472,0,未知类型,武汉市汉阳区,0,0,0,匿名
473,2024-05-16 08:50:42,步行,武汉市汉阳区,14.579238735961521,0.9,33.872444341285984,shengshengbuxi
474,2024-05-17 12:48:02,步行,武汉市汉阳区,9.215155567317797,1.22,75.53045392344481,鹏哥*
475,2024-05-17 12:48:02,步行,武汉市汉阳区,9.215155567317797,1.22,75.53045392344481,鹏哥*
476,2024-05-17 10:51:49,步行,武汉市汉阳区,2.0612723196390315,0.61,91.56769222764865,嗨浪的小蝼蚁
477,2024-05-17 18:47:36,步行,武汉市汉阳区,9.449649064911721,2.69,70.70306783885019,村里的阿菜
478,2024-05-18 05:20:33,步行,武汉市汉阳区,14.280532987387469,2.59,74.10731307881822,zs0_2731011
479,2024-05-18 11:09:19,步行,武汉市汉阳区,0.010305810307862059,0.01,11.338034095381243,简简单单没烦恼
480,2024-05-18 10:53:56,步行,武汉市汉阳区,2.3065362837922607,1.73,71.37537205021953,柳树
481,2024-05-18 10:53:56,步行,武汉市汉阳区,2.3065362837922607,1.73,71.37537205021953,柳树
482,2024-05-18 10:53:56,步行,武汉市汉阳区,2.3065362837922607,1.73,71.37537205021953,柳树
483,2024-05-18 10:54:33,步行,武汉市汉阳区,7.589413537230729,2.17,58.342180820181966,大力芭比
484,2024-05-18 19:15:35,步行,武汉市汉阳区,2.848041148863592,0.68,24.283270953712723,灵籁
485,2024-05-18 19:41:17,步行,武汉市汉阳区,4.24511860721824,0.48,18.365673545194408,日月^Ⅴ^
486,2024-05-19 05:03:58,步行,武汉市汉阳区,15.049582270353735,3.86,69.8503842174919,zs0_2731011
487,2024-05-19 09:48:40,步行,武汉市汉阳区,2.68486502500794,0.53,15.43663597192211,yuanzh_LBL4601425
488,2024-05-20 04:46:08,步行,武汉市汉阳区,17.919680312199542,3.88,72.36249091476202,zs0_2731011
489,2024-05-20 09:29:31,步行,武汉市汉阳区,3.223944160426524,2.01,34.57577778687409,弗洛尔
490,2024-05-21 07:08:57,步行,武汉市汉阳区,19.550084215377254,3.59,71.38452659993162,zs0_2731011
491,2024-05-22 20:05:28,步行,武汉市汉阳区,5.277203125007027,1.0,22.90028765421761,zs_3240807
492,2024-05-23 04:58:33,步行,武汉市汉阳区,9.706710808931401,3.57,75.45327019195851,zs0_2731011
493,2024-05-23 14:13:47,步行,武汉市汉阳区,25.88266483063897,3.26,133.1656494140625,小提琴
494,2024-05-23 18:09:38,步行,武汉市汉阳区,0.09158881223064756,0.02,14.543322856220968,鹏哥*
495,2024-05-23 18:26:36,步行,武汉市汉阳区,11.547303761111667,3.56,67.81754683075731,大写的熊
496,2024-05-23 18:44:37,步行,武汉市汉阳区,10.318662865738325,3.26,71.51468054423043,月半孑
497,2024-05-23 19:11:19,步行,武汉市汉阳区,5.863072198369791,2.22,80.07578005028898,爱吃土豆的超人
498,2024-05-23 20:12:27,步行,武汉市汉阳区,4.140464354198969,0.39,42.95423858705908,zs0_2731011
499,2024-05-24 08:35:16,步行,武汉市汉阳区,7.605300375946775,5.03,87.86275852791543,再见理想H
500,2024-05-25 05:04:49,步行,武汉市汉阳区,15.133157310331459,1.45,31.005167765487307,zs0_2731011
501,2024-05-25 10:05:29,步行,武汉市汉阳区,23.093852738908573,4.45,159.41127496649185,大力芭比
502,2024-05-25 18:28:50,步行,武汉市汉阳区,24.639443608556174,2.89,115.98610204960845,LBL_6396752
503,2024-05-25 18:28:50,步行,武汉市汉阳区,24.639443608556174,2.89,115.98610204960845,LBL_6396752
504,2024-05-25 20:36:38,步行,武汉市汉阳区,3.058793687095563,0.73,81.88691254970725,zs0_5713855
505,2024-05-25 22:54:12,步行,武汉市汉阳区,14.714974201572574,1.92,105.50637235243852,Cherry漂流记
506,2024-05-26 06:48:43,步行,武汉市汉阳区,13.21693840875767,1.9,18.494099076721604,鹏哥*
507,2024-05-26 08:56:07,步行,武汉市汉阳区,12.041752727243413,4.29,82.9789284135833,城市工
508,2024-05-26 12:32:58,步行,武汉市汉阳区,17.714479047831784,2.03,56.391062715977135,Cherry漂流记
509,2024-05-26 21:24:17,步行,武汉市汉阳区,0.6274465422097003,0.06,16.547144165648874,夏同事
510,2024-05-27 08:45:00,步行,武汉市汉阳区,13.336599616901934,2.73,47.45585017914821,zs0_2731011
511,2024-05-27 10:22:08,步行,武汉市汉阳区,18.73007574673459,4.89,43.55449074467935,日月8805
512,2024-05-28 04:58:45,步行,武汉市汉阳区,12.056493093121913,3.99,80.10522994568157,zs0_2731011
513,2024-05-28 08:54:01,步行,武汉市汉阳区,13.247559628384026,4.24,85.29066836443582,阿潇
514,2024-05-28 08:54:01,步行,武汉市汉阳区,13.247559628384026,4.24,85.29066836443582,阿潇
515,2024-05-28 19:27:15,步行,武汉市汉阳区,6.552141764779793,1.34,22.038067986141414,夏啊夏
516,2024-05-29 06:53:07,步行,武汉市汉阳区,11.033865890060467,3.19,64.52331704919844,zs0_2731011
517,2024-05-29 08:32:52,步行,武汉市汉阳区,10.308548377074104,0.42,30.38302925028375,_成
518,2024-05-29 19:32:28,步行,武汉市汉阳区,5.206195804852995,1.05,19.18841470964253,耳东ins
519,2024-05-29 21:40:55,步行,武汉市汉阳区,21.53597954633998,1.1,49.479846483394084,东湖磐石
520,2024-05-30 19:08:13,步行,武汉市汉阳区,12.078427172316223,2.59,58.48450794976886,xy小歪
521,2024-05-30 19:08:11,步行,武汉市汉阳区,12.227393863023213,2.63,56.27011550736021,天动万象！
522,2024-05-31 08:25:35,步行,武汉市汉阳区,9.334727452549426,2.97,60.95297971255922,zs0_2731011
523,2024-05-31 18:46:46,步行,武汉市汉阳区,4.576293835055926,0.74,29.535518914122214,zs_3195213
524,2024-05-31 19:36:03,步行,武汉市汉阳区,10.355987504727112,3.26,51.4943249552181,zs_7091671
525,2024-05-31 19:50:18,步行,武汉市汉阳区,5.873819700412552,0.65,27.122530660814313,飞翔云雾
526,2024-05-31 22:01:59,步行,武汉市汉阳区,0.8894937411775545,0.27,36.311123450917485,日月8805
527,2024-06-01 08:38:37,步行,武汉市汉阳区,18.621472794917064,6.7,80.59283599203418,城市工
528,2024-06-01 19:44:01,步行,武汉市汉阳区,4.203928711733412,0.43,21.05693004922073,日月^Ⅴ^
529,2024-06-02 16:52:06,步行,武汉市汉阳区,0.011149573987052748,0.02,16.061016329564154,zs_1223192
530,2024-06-02 16:54:24,步行,武汉市汉阳区,2.5948231930370675,1.52,36.09042781609228,zs_1223192
531,2024-06-02 19:45:19,步行,武汉市汉阳区,3.248200628961628,0.71,36.61190680676168,天动万象！
532,2024-06-02 21:02:09,步行,武汉市汉阳区,2.9021642614827594,0.37,13.5032616137699,肖雄_LBL4695827
533,2024-06-03 11:03:05,步行,武汉市汉阳区,4.61756145231622,8.8,49.089285966940224,zs_1223192
534,2024-06-03 19:51:25,步行,武汉市汉阳区,4.613191268455634,1.53,55.80659824425728,zs_1223192
535,2024-06-04 19:06:21,步行,武汉市汉阳区,11.337646786162514,2.43,76.85386608476533,◝₍ᴑ̑ДO͝₎◞戒酒的李白
536,2024-06-05 09:50:42,步行,武汉市汉阳区,11.76446723342754,4.38,76.9096827998267,№_LBL4355494
537,2024-06-05 10:08:43,步行,武汉市汉阳区,10.532233426731896,2.39,79.33587546483717,超越ZW
538,2024-06-05 10:19:35,未知类型,武汉市汉阳区,23.001391242809216,1.93,30.437669267846708,zichangpu
539,2024-06-05 17:54:24,步行,武汉市汉阳区,5.004275935572551,0.96,53.037353515625,闵彤
540,2024-06-05 19:05:42,步行,武汉市汉阳区,8.921530268919419,0.89,23.38929374132334,zs_8624636
541,2024-06-05 19:37:56,步行,武汉市汉阳区,10.65301595579007,2.49,70.08433296576197,◝₍ᴑ̑ДO͝₎◞戒酒的李白
542,2024-06-07 09:54:30,步行,武汉市汉阳区,0.849244407213741,0.23,72.55151540317289,zs_1707382
543,2024-06-08 08:47:41,步行,武汉市汉阳区,23.460537355565766,7.8,84.46906263781038,城市工
544,2024-06-08 14:13:01,步行,武汉市汉阳区,0.7979964054701454,0.39,19.51543179757302,zs_1707382
545,2024-06-08 14:13:01,步行,武汉市汉阳区,0.7979964054701454,0.39,19.51543179757302,zs_1707382
546,2024-06-08 14:13:01,步行,武汉市汉阳区,0.7979964054701454,0.39,19.51543179757302,zs_1707382
547,2024-06-08 14:41:48,步行,武汉市汉阳区,0.5963100080268406,0.24,49.56376792117953,zs_1707382
548,2024-06-08 14:41:48,步行,武汉市汉阳区,0.5963100080268406,0.24,49.56376792117953,zs_1707382
549,2024-06-08 14:41:48,步行,武汉市汉阳区,0.5963100080268406,0.24,49.56376792117953,zs_1707382
550,2024-06-08 16:24:33,步行,武汉市汉阳区,0.6490735334325004,0.29,33.35622028168291,zs_1707382
551,2024-06-08 18:49:53,步行,武汉市汉阳区,5.98260059572486,1.38,26.897594591731664,zs_8602402
552,2024-06-10 07:40:48,步行,武汉市汉阳区,15.211352509020369,2.48,29.300936393068117,鹏哥*
553,2024-06-10 18:00:00,步行,武汉市汉阳区,72.49633718370363,911.28,177.308349609375,阿勇到处玩
554,2024-06-12 19:00:26,步行,武汉市汉阳区,9.41946660527267,1.64,72.77378644343445,笛子伢
555,2024-06-12 19:02:35,步行,武汉市汉阳区,7.926776077935736,1.74,28.72510617422713,zs_8602402
556,2024-06-12 19:06:48,步行,武汉市汉阳区,10.043367933906323,2.08,77.60115293112153,心随起落
557,2024-06-13 19:08:47,步行,武汉市汉阳区,6.308632400998294,1.55,35.09228405312399,zs_8602402
558,2024-06-15 06:48:34,步行,武汉市汉阳区,12.306456250343823,2.02,21.302300453670483,Wishes18372016812
559,2024-06-15 07:00:22,步行,武汉市汉阳区,14.23385324983713,2.89,23.87652587890625,攀攀攀行
560,2024-06-15 08:18:11,步行,武汉市汉阳区,23.804805134121743,8.79,78.99605910838275,城市工
561,2024-06-16 08:30:50,步行,武汉市汉阳区,10.35365036474701,3.25,58.526837863541225,大力芭比
562,2024-06-16 19:17:46,步行,武汉市汉阳区,10.007308482764445,2.05,40.0689135845901,闵彤
563,2024-06-17 19:27:32,步行,武汉市汉阳区,10.08783038095464,3.02,47.577460033682904,zs_7091671
564,0,未知类型,武汉市汉阳区,0,0,0,匿名
565,2024-06-18 19:50:12,步行,武汉市汉阳区,4.2041033114024255,0.46,22.686551147198497,日月^Ⅴ^
566,2024-06-20 16:30:44,步行,武汉市汉阳区,0.9074207911683017,0.6,76.26271733956415,zh13957090066
567,2024-06-21 19:32:58,步行,武汉市汉阳区,10.236969976794741,2.69,85.64784367051456,天动万象！
568,2024-06-21 19:32:41,步行,武汉市汉阳区,10.00719058147417,2.69,80.7646960257513,心随起落
569,2024-06-21 19:32:41,步行,武汉市汉阳区,10.17086661485534,2.68,83.26513068584063,゛方头狮小姐
570,2024-06-22 14:57:13,步行,武汉市汉阳区,10.51312523590716,1.88,68.35133406706154,城市工
571,2024-06-22 14:57:13,步行,武汉市汉阳区,10.51312523590716,1.88,68.35133406706154,城市工
572,2024-06-23 09:35:24,步行,武汉市汉阳区,10.247905731447533,2.37,31.211183931374013,城市工
573,2024-06-24 14:16:42,步行,武汉市汉阳区,7.462382250775549,2.63,24.90045166015625,zs_6261850
574,2024-06-25 10:30:11,步行,武汉市汉阳区,9.410317966960521,2.0,88.46002197265625,zs_6006724
575,2024-06-25 10:30:11,步行,武汉市汉阳区,9.410317966960521,2.0,88.46002197265625,zs_6006724
576,2024-06-25 19:05:09,步行,武汉市汉阳区,12.395673917591063,2.18,548.0,流星
577,2024-06-25 20:34:49,步行,武汉市汉阳区,1.6680195022546795,0.36,32.81734248116666,艾汗
578,2024-06-25 20:34:49,步行,武汉市汉阳区,1.6680195022546795,0.36,32.81734248116666,艾汗
579,2024-06-25 19:06:08,步行,武汉市汉阳区,11.340086567812326,2.76,82.02884129480645,冰岛没有冰
580,2024-06-25 19:35:35,步行,武汉市汉阳区,10.461016484627297,2.34,87.23307120590965,小提琴
581,2024-06-26 09:16:20,步行,武汉市汉阳区,6.577692940281028,1.39,35.513517668575346,城市工
582,2024-06-26 11:34:42,步行,武汉市汉阳区,3.709335076292979,1.88,29.377901121664785,№_LBL4355494
583,2024-06-26 13:01:15,步行,武汉市汉阳区,0.9758825079783955,0.26,23.310202354011405,大伟龙灯堤
584,2024-06-27 15:03:29,步行,武汉市汉阳区,1.5137684453249012,0.52,23.7848847581611,zs_2340109
585,2024-06-28 14:44:22,步行,武汉市汉阳区,32.76641414385647,1.58,34.77181567624864,zs_1448581
586,0,未知类型,武汉市汉阳区,0,0,0,匿名
587,0,未知类型,武汉市汉阳区,0,0,0,匿名
588,2024-06-28 18:47:35,步行,武汉市汉阳区,6.491560597328989,1.41,66.76577937670244,zs_7091671
589,2024-06-29 18:50:31,步行,武汉市汉阳区,8.59418212674683,1.79,29.115266664002473,城市工
590,2024-06-29 18:54:04,步行,武汉市汉阳区,6.440322544081813,2.4,79.31153303306832,Mr.万_2022
591,2024-06-29 18:54:04,步行,武汉市汉阳区,6.440322544081813,2.4,79.31153303306832,Mr.万_2022
592,2024-06-30 06:50:49,步行,武汉市汉阳区,37.651375959877186,4.07,37.7490902851524,1976_LBL3331758
593,2024-06-30 06:50:49,步行,武汉市汉阳区,37.651375959877186,4.07,37.7490902851524,1976_LBL3331758
594,2024-06-30 09:10:01,步行,武汉市汉阳区,27.28606656220514,8.11,86.73034132267153,城市工
595,2024-07-01 05:24:40,步行,武汉市汉阳区,4.816964623471461,1.33,20.296779996032967,zs0_2731011
596,2024-07-01 05:24:40,步行,武汉市汉阳区,4.816964623471461,1.33,20.296779996032967,zs0_2731011
597,2024-07-01 14:29:28,步行,武汉市汉阳区,0.899570432646415,0.37,18.982176891263276,longlongago_LBL2067860
598,2024-07-02 06:26:33,步行,武汉市汉阳区,2.9421214067184875,0.23,43.91156510543078,zs0_2731011
599,2024-07-02 06:26:33,步行,武汉市汉阳区,2.9421214067184875,0.23,43.91156510543078,zs0_2731011
600,2024-07-02 06:50:25,步行,武汉市汉阳区,8.646551643649037,3.52,75.08152354471251,zs0_2731011
601,2024-07-02 06:50:25,步行,武汉市汉阳区,8.646551643649037,3.52,75.08152354471251,zs0_2731011
602,2024-07-02 07:29:51,步行,武汉市汉阳区,10.455371131343318,1.53,56.678861905530155,zs_7111757
603,2024-07-02 07:29:51,步行,武汉市汉阳区,10.455371131343318,1.53,56.678861905530155,zs_7111757
604,2024-07-02 10:22:18,步行,武汉市汉阳区,1.6339107104850277,0.32,57.79967419131565,Peak⁡⁤
605,2024-07-02 10:22:18,步行,武汉市汉阳区,1.6339107104850277,0.32,57.79967419131565,Peak⁡⁤
606,2024-07-02 19:10:06,步行,武汉市汉阳区,6.314020200391911,1.93,86.73097542146728,不想淋雨
607,2024-07-02 19:48:08,步行,武汉市汉阳区,4.225719164099272,0.47,26.31549109909106,日月^Ⅴ^
608,2024-07-03 05:16:54,步行,武汉市汉阳区,7.975240250468189,1.95,41.42328764606862,zs0_2731011
609,2024-07-03 05:16:54,步行,武汉市汉阳区,7.975240250468189,1.95,41.42328764606862,zs0_2731011
610,2024-07-03 05:18:09,步行,武汉市汉阳区,5.4202751071338575,0.67,21.312288205630523,刘胜刚
611,2024-07-03 05:18:09,步行,武汉市汉阳区,5.4202751071338575,0.67,21.312288205630523,刘胜刚
612,2024-07-04 08:45:15,步行,武汉市汉阳区,6.867241184853825,1.45,42.23590648669217,Tina
613,2024-07-04 08:45:15,步行,武汉市汉阳区,6.867241184853825,1.45,42.23590648669217,Tina
614,2024-07-04 19:17:50,步行,武汉市汉阳区,9.245199926733001,2.45,65.75684740632242,Qin Dynasty
615,2024-07-04 19:17:50,步行,武汉市汉阳区,9.245199926733001,2.45,65.75684740632242,Qin Dynasty
616,2024-07-05 04:55:44,步行,武汉市汉阳区,5.545567090501292,0.63,22.245718560844065,刘胜刚
617,2024-07-05 04:55:44,步行,武汉市汉阳区,5.545567090501292,0.63,22.245718560844065,刘胜刚
618,2024-07-05 05:18:52,步行,武汉市汉阳区,5.67856023112358,1.58,78.92271101181447,zs0_2731011
619,2024-07-05 05:18:52,步行,武汉市汉阳区,5.67856023112358,1.58,78.92271101181447,zs0_2731011
620,2024-07-05 14:35:36,步行,武汉市汉阳区,3.2321727156275446,1.02,80.2,金鹰老Q
621,2024-07-06 08:37:38,步行,武汉市汉阳区,24.259280502442028,7.05,97.19508804814558,城市工
622,2024-07-06 09:41:40,步行,武汉市汉阳区,10.82652282397064,2.1,42.66973065399634,Tina
623,2024-07-06 09:41:40,步行,武汉市汉阳区,10.82652282397064,2.1,42.66973065399634,Tina
624,2024-07-06 19:26:34,步行,武汉市汉阳区,9.682769182450116,3.05,45.64261070827963,o0海岸
625,2024-07-06 19:26:34,步行,武汉市汉阳区,9.682769182450116,3.05,45.64261070827963,o0海岸
626,0,未知类型,武汉市汉阳区,0,0,0,匿名
627,2024-07-07 20:27:31,步行,武汉市汉阳区,2.735553709084542,0.18,21.799054253756243,日月^Ⅴ^
628,2024-07-09 04:38:38,步行,武汉市汉阳区,5.189716481218074,0.61,21.24524554498575,刘胜刚
629,2024-07-09 04:38:38,步行,武汉市汉阳区,5.189716481218074,0.61,21.24524554498575,刘胜刚
630,2024-07-10 09:14:29,步行,武汉市汉阳区,7.781574682620922,1.35,49.69107915916861,zs_7111757
631,2024-07-10 09:14:29,步行,武汉市汉阳区,7.781574682620922,1.35,49.69107915916861,zs_7111757
632,2024-07-11 06:07:06,步行,武汉市汉阳区,5.721760323243427,0.61,192.85443401243538,刘胜刚
633,2024-07-11 06:07:06,步行,武汉市汉阳区,5.721760323243427,0.61,192.85443401243538,刘胜刚
634,2024-07-11 19:12:26,步行,武汉市汉阳区,12.063543834457581,2.42,48.9038389368139,◝₍ᴑ̑ДO͝₎◞戒酒的李白
635,2024-07-11 19:12:26,步行,武汉市汉阳区,12.063543834457581,2.42,48.9038389368139,◝₍ᴑ̑ДO͝₎◞戒酒的李白
636,2024-07-11 19:12:26,步行,武汉市汉阳区,12.063543834457581,2.42,48.9038389368139,◝₍ᴑ̑ДO͝₎◞戒酒的李白
637,2024-07-11 19:38:44,步行,武汉市汉阳区,12.132682620444523,3.14,61.668404021183825,黄小发
638,2024-07-11 19:38:44,步行,武汉市汉阳区,12.132682620444523,3.14,61.668404021183825,黄小发
639,2024-07-13 15:46:14,步行,武汉市汉阳区,5.355279488444319,1.93,260.0508744803233,zs2_8893531
640,2024-07-13 15:46:14,步行,武汉市汉阳区,5.355279488444319,1.93,260.0508744803233,zs2_8893531
641,2024-07-13 15:46:14,步行,武汉市汉阳区,5.355279488444319,1.93,260.0508744803233,zs2_8893531
642,2024-07-13 18:35:18,步行,武汉市汉阳区,2.612994432650733,0.4,57.005768122543955,lizoodmj
643,2024-07-13 18:35:18,步行,武汉市汉阳区,2.612994432650733,0.4,57.005768122543955,lizoodmj
644,2024-07-14 06:25:46,步行,武汉市汉阳区,12.58476689133752,2.92,28.97187924855861,攀攀攀行
645,2024-07-14 06:25:46,步行,武汉市汉阳区,12.58476689133752,2.92,28.97187924855861,攀攀攀行
646,2024-07-15 14:41:58,步行,武汉市汉阳区,51.151225222890176,2.13,27.276974382029866,zs_7264915
647,2024-07-16 09:02:27,步行,武汉市汉阳区,14.384284089988114,4.99,82.84583150587605,城市工
648,2024-07-16 10:46:50,步行,武汉市汉阳区,4.7770179948101665,1.98,64.09950057805999,Achilles
649,0,未知类型,武汉市汉阳区,0,0,0,匿名
650,2024-07-17 07:01:56,步行,武汉市汉阳区,0.1935013107411192,0.02,26.279071720935057,踏浪而来了
651,2024-07-17 07:01:56,步行,武汉市汉阳区,0.1935013107411192,0.02,26.279071720935057,踏浪而来了
652,2024-07-17 17:29:50,步行,武汉市汉阳区,3.647342201258472,4.99,78.08010412220732,Achilles
653,2024-07-17 20:46:18,步行,武汉市汉阳区,1.093043836077975,0.25,71.91118099500525,笛子伢
654,2024-07-17 20:46:18,步行,武汉市汉阳区,1.093043836077975,0.25,71.91118099500525,笛子伢
655,2024-07-17 19:22:32,步行,武汉市汉阳区,10.774956448439358,2.97,81.57008963561984,海燕_LBL3496412
656,2024-07-17 19:22:32,步行,武汉市汉阳区,10.774956448439358,2.97,81.57008963561984,海燕_LBL3496412
657,0,未知类型,武汉市汉阳区,0,0,0,匿名
658,0,未知类型,武汉市汉阳区,0,0,0,匿名
659,2024-07-18 07:48:52,步行,武汉市汉阳区,3.6580776197660416,0.92,22.0,红红的年
660,2024-07-18 19:17:46,步行,武汉市汉阳区,10.33874054754448,2.16,63.810546875,木槿槿
661,2024-07-18 19:17:46,步行,武汉市汉阳区,10.33874054754448,2.16,63.810546875,木槿槿
662,2024-07-19 08:07:02,步行,武汉市汉阳区,3.7049253708435606,2.83,55.1,Achilles
663,2024-07-19 19:55:49,步行,武汉市汉阳区,5.33396961045174,2.65,40.39079909156769,№_LBL4355494
664,2024-07-19 19:55:49,步行,武汉市汉阳区,5.33396961045174,2.65,40.39079909156769,№_LBL4355494
665,2024-07-20 09:29:57,步行,武汉市汉阳区,26.03181803042971,7.76,81.50101228659985,城市工
666,0,未知类型,武汉市汉阳区,0,0,0,匿名
667,2024-07-21 07:55:28,步行,武汉市汉阳区,6.595574066445666,0.53,43.01168550892772,Achilles
668,2024-07-21 20:19:32,步行,武汉市汉阳区,5.156545909683837,1.87,30.802659433442326,№_LBL4355494
669,2024-07-21 20:19:32,步行,武汉市汉阳区,5.156545909683837,1.87,30.802659433442326,№_LBL4355494
670,2024-07-22 08:28:30,步行,武汉市汉阳区,0.478130381189862,0.1,40.7,bushnerd
671,2024-07-22 17:44:48,步行,武汉市汉阳区,0.35310986915055953,0.24,15.49099532402843,zs_5518407
672,2024-07-22 15:06:18,步行,武汉市汉阳区,5.005488046837659,2.83,23.499109828672363,zs_7155023
673,2024-07-22 22:10:22,步行,武汉市汉阳区,3.1092261260894554,0.42,17.004149972431662,美貌与智慧的结合龙傲天
674,2024-07-23 09:08:43,步行,武汉市汉阳区,3.1358850590201417,3.63,62.1495324340122,清晨_LBL3057664
675,2024-07-24 13:12:22,步行,武汉市汉阳区,0.6311969498654983,0.45,86.246337890625,。_LBL3297177
676,2024-07-24 13:45:09,步行,武汉市汉阳区,0.9806767787813255,0.35,23.030698478309414,。_LBL3297177
677,2024-07-24 18:05:44,步行,武汉市汉阳区,25.061290138531486,3.73,35.303078148322726,城市留痕
678,2024-07-24 18:05:44,步行,武汉市汉阳区,25.061290138531486,3.73,35.303078148322726,城市留痕
679,2024-07-24 18:59:02,步行,武汉市汉阳区,8.661083477766509,1.76,28.76142939513294,笛子伢
680,2024-07-24 18:59:02,步行,武汉市汉阳区,8.661083477766509,1.76,28.76142939513294,笛子伢
681,2024-07-24 21:42:37,步行,武汉市汉阳区,3.4462149511673132,0.53,22.36721288344588,美貌与智慧的结合龙傲天
682,2024-07-25 12:11:44,步行,武汉市汉阳区,0.07744042436799768,0.01,12.263006718202213,柒夜110
683,2024-07-25 19:25:44,步行,武汉市汉阳区,0.27614190474581324,0.12,14.282316182923879,柒夜110
684,2024-07-25 19:22:55,步行,武汉市汉阳区,9.742173987703614,2.69,83.2373832322449,Qin Dynasty
685,2024-07-25 19:31:18,步行,武汉市汉阳区,9.939517739621726,2.51,84.79001353837913,blueray
686,2024-07-25 21:47:48,步行,武汉市汉阳区,3.164587718512756,0.41,20.629322454096307,美貌与智慧的结合龙傲天
687,2024-07-26 13:31:56,步行,武汉市汉阳区,12.95342603980076,0.42,4180.200000000001,Achilles
688,2024-07-26 13:31:56,步行,武汉市汉阳区,12.95342603980076,0.42,4180.200000000001,Achilles
689,0,未知类型,武汉市汉阳区,0,0,0,匿名
690,0,未知类型,武汉市汉阳区,0,0,0,匿名
691,2024-07-27 09:36:22,步行,武汉市汉阳区,27.874691533533518,7.94,82.44171121641914,城市工
692,0,未知类型,武汉市汉阳区,0,0,0,匿名
693,0,未知类型,武汉市汉阳区,0,0,0,匿名
694,2024-07-28 13:50:34,步行,武汉市汉阳区,5.449758147608528,0.45,56.518324454298394,Achilles
695,2024-07-29 00:15:38,步行,武汉市汉阳区,3.0831290602564856,1.29,34.485377176038895,Achilles
696,2024-07-29 14:32:24,步行,武汉市汉阳区,14.100045782577016,2.54,25.69981921730942,王磊_LBL1976976
697,2024-07-29 15:46:03,步行,武汉市汉阳区,4.247922712666499,2.15,16.47045276523009,子暮微
698,2024-07-29 21:38:01,步行,武汉市汉阳区,4.614265331097651,0.59,34.87211694803217,美貌与智慧的结合龙傲天
699,2024-07-30 05:24:01,步行,武汉市汉阳区,7.666549160010013,1.22,58.87561362807519,zs_7111757
700,2024-07-30 05:24:01,步行,武汉市汉阳区,7.666549160010013,1.22,58.87561362807519,zs_7111757
701,2024-07-30 11:24:11,步行,武汉市汉阳区,5.494143826348685,0.46,57.84509835463777,Achilles
702,2024-07-30 20:54:26,步行,武汉市汉阳区,4.772379565217303,0.67,28.017037805656322,美貌与智慧的结合龙傲天
703,2024-07-31 18:54:27,步行,武汉市汉阳区,3.601801486700972,1.29,63.70630457705191,Achilles
704,2024-07-31 19:07:24,步行,武汉市汉阳区,10.689354455205933,2.7,88.90139764799389,◝₍ᴑ̑ДO͝₎◞戒酒的李白
705,2024-08-01 17:16:58,步行,武汉市汉阳区,0.8382506626647914,1.0,41.4056396484375,№_LBL4355494
706,2024-08-01 17:16:58,步行,武汉市汉阳区,0.8382506626647914,1.0,41.4056396484375,№_LBL4355494
707,2024-08-01 19:27:43,步行,武汉市汉阳区,5.489005236599143,1.35,26.60819187418717,豆苗慢慢长
708,2024-08-01 19:27:43,步行,武汉市汉阳区,5.489005236599143,1.35,26.60819187418717,豆苗慢慢长
709,0,未知类型,武汉市汉阳区,0,0,0,匿名
710,0,未知类型,武汉市汉阳区,0,0,0,匿名
711,2024-08-01 20:55:30,步行,武汉市汉阳区,13.462586816399153,2.98,61.519072741503436,Achilles
712,2024-08-02 07:37:55,未知类型,武汉市汉阳区,4.212047982213452,1.24,18.851101312522406,zs0_6111276
713,2024-08-02 12:53:49,步行,武汉市汉阳区,5.524523115519469,1.45,112.60332317989253,Achilles
714,2024-08-02 18:38:55,步行,武汉市汉阳区,5.414308132294296,1.33,38.9979248046875,豆苗慢慢长
715,2024-08-02 18:38:55,步行,武汉市汉阳区,5.414308132294296,1.33,38.9979248046875,豆苗慢慢长
716,2024-08-02 19:11:58,步行,武汉市汉阳区,10.644524993661026,2.22,39.45373985957722,◝₍ᴑ̑ДO͝₎◞戒酒的李白
717,2024-08-02 19:11:58,步行,武汉市汉阳区,10.644524993661026,2.22,39.45373985957722,◝₍ᴑ̑ДO͝₎◞戒酒的李白
718,2024-08-02 19:45:26,步行,武汉市汉阳区,1.9916096717654543,1.16,19.1004638671875,小明_LBL5376812
719,2024-08-02 19:45:26,步行,武汉市汉阳区,1.9916096717654543,1.16,19.1004638671875,小明_LBL5376812
720,2024-08-02 21:56:24,步行,武汉市汉阳区,9.726887900615234,1.93,21.279773538767966,zs_2947588
721,2024-08-02 21:56:24,步行,武汉市汉阳区,9.726887900615234,1.93,21.279773538767966,zs_2947588
722,2024-08-03 08:52:30,步行,武汉市汉阳区,32.296508609112465,10.69,79.28904454205704,城市工
723,2024-08-03 19:51:46,步行,武汉市汉阳区,5.718972000348766,0.87,31.723031889690912,木易_LBL4103938
724,2024-08-03 19:51:46,步行,武汉市汉阳区,5.718972000348766,0.87,31.723031889690912,木易_LBL4103938
725,2024-08-04 06:13:20,步行,武汉市汉阳区,1.196522744904964,0.38,35.001220703125,№_LBL4355494
726,0,未知类型,武汉市汉阳区,0,0,0,匿名
727,0,未知类型,武汉市汉阳区,0,0,0,匿名
728,2024-08-04 20:11:53,步行,武汉市汉阳区,5.963474038913841,0.9,33.13629150390625,木易_LBL4103938
729,2024-08-04 20:11:53,步行,武汉市汉阳区,5.963474038913841,0.9,33.13629150390625,木易_LBL4103938
730,2024-08-04 21:49:38,步行,武汉市汉阳区,5.274090919763163,0.64,28.434582936938803,美貌与智慧的结合龙傲天
731,2024-08-05 18:20:18,步行,武汉市汉阳区,18.063971366602892,3.52,79.38165842813412,LBL_6396752
732,2024-08-05 18:20:18,步行,武汉市汉阳区,18.063971366602892,3.52,79.38165842813412,LBL_6396752
733,2024-08-05 18:20:18,步行,武汉市汉阳区,18.063971366602892,3.52,79.38165842813412,LBL_6396752
734,2024-08-06 19:04:34,未知类型,武汉市汉阳区,12.067447134593886,2.48,48.681674881796745,新新牧羊人
735,2024-08-06 19:05:19,步行,武汉市汉阳区,12.126318089723156,2.39,53.068382546139,大写的熊
736,2024-08-06 19:30:21,步行,武汉市汉阳区,7.96779957802251,1.74,54.95076981157797,◝₍ᴑ̑ДO͝₎◞戒酒的李白
737,2024-08-06 19:30:21,步行,武汉市汉阳区,7.96779957802251,1.74,54.95076981157797,◝₍ᴑ̑ДO͝₎◞戒酒的李白
738,0,未知类型,武汉市汉阳区,0,0,0,匿名
739,0,未知类型,武汉市汉阳区,0,0,0,匿名
740,2024-08-06 21:21:53,步行,武汉市汉阳区,4.944680404875979,0.72,25.680987178714034,美貌与智慧的结合龙傲天
741,0,未知类型,武汉市汉阳区,0,0,0,匿名
742,2024-08-08 20:21:58,步行,武汉市汉阳区,0.45232102980174155,0.08,49.75515611193443,闵彤
743,2024-08-08 21:25:43,步行,武汉市汉阳区,4.720555574250857,0.61,33.65853310360198,美貌与智慧的结合龙傲天
744,2024-08-09 07:40:38,步行,武汉市汉阳区,2.8506692726647094,0.6,40.36650420615974,陈EP
745,2024-08-10 09:04:05,步行,武汉市汉阳区,29.037023329333728,9.14,94.1710877232614,城市工
746,2024-08-10 18:34:55,步行,武汉市汉阳区,5.313413145530838,1.03,43.2317477450827,豆苗慢慢长
747,2024-08-10 18:34:55,步行,武汉市汉阳区,5.313413145530838,1.03,43.2317477450827,豆苗慢慢长
748,2024-08-11 18:36:14,步行,武汉市汉阳区,5.0000490886629825,0.97,46.35304002727856,闵彤
749,2024-08-11 18:55:51,步行,武汉市汉阳区,5.279798017938373,1.12,34.04036870180694,豆苗慢慢长
750,2024-08-11 18:55:51,步行,武汉市汉阳区,5.279798017938373,1.12,34.04036870180694,豆苗慢慢长
751,2024-08-11 21:36:43,步行,武汉市汉阳区,4.800099886039936,0.59,28.758790537985195,美貌与智慧的结合龙傲天
752,2024-08-12 19:12:31,步行,武汉市汉阳区,5.34853916874698,0.59,29.77614927830919,飞翔云雾
753,2024-08-12 19:12:31,步行,武汉市汉阳区,5.34853916874698,0.59,29.77614927830919,飞翔云雾
754,2024-08-12 19:21:42,步行,武汉市汉阳区,14.466161351021617,1.78,32.80220292011576,山中野鹤
755,2024-08-12 19:21:42,步行,武汉市汉阳区,14.466161351021617,1.78,32.80220292011576,山中野鹤
756,2024-08-12 21:34:22,步行,武汉市汉阳区,4.459643286130556,0.5,46.85492643455838,美貌与智慧的结合龙傲天
757,2024-08-13 09:16:01,步行,武汉市汉阳区,0.8679826588660103,0.42,19.12615175389944,zs_2708710
758,2024-08-13 19:33:02,步行,武汉市汉阳区,3.626101193874061,0.93,36.93377685546875,方妮
759,2024-08-13 21:20:26,步行,武汉市汉阳区,2.5785971703157298,0.31,32.90673821182443,美貌与智慧的结合龙傲天
760,2024-08-14 18:32:01,步行,武汉市汉阳区,5.344506165296174,1.21,52.08360384510493,晃一晃
761,2024-08-14 18:32:01,步行,武汉市汉阳区,5.344506165296174,1.21,52.08360384510493,晃一晃
762,2024-08-15 15:04:34,步行,武汉市汉阳区,4.759834605823724,0.9,71.49425628978898,Dawnson.wang
763,2024-08-15 21:46:33,步行,武汉市汉阳区,2.9360728715593565,0.46,26.972719426282712,美貌与智慧的结合龙傲天
764,2024-08-16 19:09:34,步行,武汉市汉阳区,10.22852355603003,2.3,92.93216431190848,豆苗慢慢长
765,2024-08-16 19:09:34,步行,武汉市汉阳区,10.22852355603003,2.3,92.93216431190848,豆苗慢慢长
766,2024-08-16 21:39:19,步行,武汉市汉阳区,5.313552872805543,1.53,62.329997490664155,骆丙燕
767,2024-08-16 21:39:19,步行,武汉市汉阳区,5.313552872805543,1.53,62.329997490664155,骆丙燕
768,2024-08-17 08:08:19,步行,武汉市汉阳区,11.611745617740654,3.68,89.33866293776778,骆丙燕
769,2024-08-17 08:08:19,步行,武汉市汉阳区,11.611745617740654,3.68,89.33866293776778,骆丙燕
770,2024-08-17 09:05:08,步行,武汉市汉阳区,27.721436711069167,8.45,74.74878466500707,城市工
771,0,未知类型,武汉市汉阳区,0,0,0,匿名
772,0,未知类型,武汉市汉阳区,0,0,0,匿名
773,2024-08-17 19:05:42,步行,武汉市汉阳区,6.0959524390912305,1.84,52.39242223500453,爱徒步的彭壮壮
774,2024-08-17 19:05:42,步行,武汉市汉阳区,6.0959524390912305,1.84,52.39242223500453,爱徒步的彭壮壮
775,0,未知类型,武汉市汉阳区,0,0,0,匿名
776,0,未知类型,武汉市汉阳区,0,0,0,匿名
777,2024-08-19 19:08:51,步行,武汉市汉阳区,5.440755159791911,1.32,45.2083740234375,豆苗慢慢长
778,2024-08-19 19:08:51,步行,武汉市汉阳区,5.440755159791911,1.32,45.2083740234375,豆苗慢慢长
779,2024-08-20 15:24:05,步行,武汉市汉阳区,5.128961573742121,1.91,83.44746608745425,户外 小白
780,2024-08-20 15:24:05,步行,武汉市汉阳区,5.128961573742121,1.91,83.44746608745425,户外 小白
781,2024-08-20 15:24:05,步行,武汉市汉阳区,5.128961573742121,1.91,83.44746608745425,户外 小白
782,2024-08-20 18:45:16,步行,武汉市汉阳区,5.372115765513956,0.97,29.976760384940278,豆苗慢慢长
783,2024-08-20 18:45:16,步行,武汉市汉阳区,5.372115765513956,0.97,29.976760384940278,豆苗慢慢长
784,2024-08-20 19:12:36,步行,武汉市汉阳区,6.968596712182955,1.81,43.442256862297654,爱吃土豆的超人
785,2024-08-20 19:12:36,步行,武汉市汉阳区,6.968596712182955,1.81,43.442256862297654,爱吃土豆的超人
786,2024-08-20 19:17:26,步行,武汉市汉阳区,5.310930522492892,1.02,107.684814453125,闵彤
787,2024-08-20 20:21:29,步行,武汉市汉阳区,2.75399989338789,0.69,47.221505886576274,zs_4464127
788,2024-08-20 20:21:29,步行,武汉市汉阳区,2.75399989338789,0.69,47.221505886576274,zs_4464127
789,2024-08-20 21:29:24,步行,武汉市汉阳区,2.97578843465508,0.43,42.83319393592958,美貌与智慧的结合龙傲天
790,0,未知类型,武汉市汉阳区,0,0,0,匿名
791,0,未知类型,武汉市汉阳区,0,0,0,匿名
792,2024-08-21 17:31:06,步行,武汉市汉阳区,51.44366949565724,1.77,61.04848250539226,没用的阿吉
793,2024-08-21 18:44:18,步行,武汉市汉阳区,5.311894433642514,1.02,42.28836226714249,豆苗慢慢长
794,2024-08-21 18:44:18,步行,武汉市汉阳区,5.311894433642514,1.02,42.28836226714249,豆苗慢慢长
795,2024-08-21 20:55:51,步行,武汉市汉阳区,4.537897779597127,0.67,37.09201342731665,美貌与智慧的结合龙傲天
796,2024-08-22 19:50:42,步行,武汉市汉阳区,5.2393865188973034,0.99,52.35003662109375,闵彤
797,2024-08-22 19:09:45,步行,武汉市汉阳区,12.294414880412754,2.49,73.51024693536901,LBL78120488
798,2024-08-23 19:09:13,步行,武汉市汉阳区,3.2580383104449826,1.21,35.3814697265625,№_LBL4355494
799,2024-08-23 19:09:13,步行,武汉市汉阳区,3.2580383104449826,1.21,35.3814697265625,№_LBL4355494
800,2024-08-24 08:07:09,步行,武汉市汉阳区,2.0146103442213925,1.83,74.27549139239699,zs_2731356
801,2024-08-24 08:07:09,步行,武汉市汉阳区,2.0146103442213925,1.83,74.27549139239699,zs_2731356
802,2024-08-24 13:35:03,步行,武汉市汉阳区,3.8756796653276493,1.3,332.31475830078125,
803,2024-08-24 13:47:42,步行,武汉市汉阳区,1.433983857082486,2.69,31.39773572764123,黄杨八景
804,2024-08-25 18:01:00,步行,武汉市汉阳区,7.353094565479801,1.38,51.369384765625,广州大叔
805,2024-08-25 18:01:00,步行,武汉市汉阳区,7.353094565479801,1.38,51.369384765625,广州大叔
806,2024-08-25 19:24:59,步行,武汉市汉阳区,5.002183922757768,1.14,40.383079925811735,闵彤
807,2024-08-26 08:18:56,步行,武汉市汉阳区,26.184752268935185,4.75,20.304168141632967,广州大叔
808,2024-08-26 08:18:56,步行,武汉市汉阳区,26.184752268935185,4.75,20.304168141632967,广州大叔
809,2024-08-26 19:45:32,步行,武汉市汉阳区,4.398934682950341,1.06,81.317161307584,№_LBL4355494
810,2024-08-26 19:45:32,步行,武汉市汉阳区,4.398934682950341,1.06,81.317161307584,№_LBL4355494
811,2024-08-27 21:31:55,步行,武汉市汉阳区,0.17622839487853276,0.06,77.85273640808776,木槿槿
812,2024-08-27 21:31:55,步行,武汉市汉阳区,0.17622839487853276,0.06,77.85273640808776,木槿槿
813,2024-08-28 15:40:18,步行,武汉市汉阳区,11.731677595338779,3.11,100.8,zs_1974020
814,2024-08-28 15:40:18,步行,武汉市汉阳区,11.731677595338779,3.11,100.8,zs_1974020
815,2024-08-28 15:53:14,步行,武汉市汉阳区,4.516461545516845,1.45,25.35221378711898,歪楼
816,2024-08-28 15:53:14,步行,武汉市汉阳区,4.516461545516845,1.45,25.35221378711898,歪楼
817,2024-08-28 20:50:01,步行,武汉市汉阳区,0.19578097639565073,0.05,13.365297997203163,笛子伢
818,2024-08-28 20:50:01,步行,武汉市汉阳区,0.19578097639565073,0.05,13.365297997203163,笛子伢
819,2024-08-30 18:38:54,步行,武汉市汉阳区,3.268864494067427,0.59,61.39398009314497,拾悦
820,2024-08-30 18:38:54,步行,武汉市汉阳区,3.268864494067427,0.59,61.39398009314497,拾悦
821,2024-08-30 19:31:54,步行,武汉市汉阳区,4.936331832064784,0.96,40.565274145766544,闵彤
822,2024-08-30 19:50:03,步行,武汉市汉阳区,17.36030914828535,2.94,83.82435586157979,Achilles
823,2024-08-31 05:27:57,步行,武汉市汉阳区,9.070994474924492,2.4,138.05618458461547,驴行天下
824,2024-08-31 19:28:05,步行,武汉市汉阳区,4.953835747672153,1.66,73.03852719785667,№_LBL4355494
825,2024-08-31 19:28:05,步行,武汉市汉阳区,4.953835747672153,1.66,73.03852719785667,№_LBL4355494
826,2024-09-01 07:05:36,步行,武汉市汉阳区,14.896514142276004,4.33,100.51278584099109,zs_5569587
827,2024-09-01 07:05:36,步行,武汉市汉阳区,14.896514142276004,4.33,100.51278584099109,zs_5569587
828,2024-09-01 10:41:54,步行,武汉市汉阳区,2.907176575244402,0.53,39.614062857896414,zs_1707382
829,2024-09-01 11:27:57,步行,武汉市汉阳区,2.973998024750162,0.48,51.47890589440594,zs_1707382
830,2024-09-01 14:01:02,步行,武汉市汉阳区,1.7134293695096325,0.43,43.86478507510068,zs_1707382
831,2024-09-01 14:01:02,步行,武汉市汉阳区,1.7134293695096325,0.43,43.86478507510068,zs_1707382
832,2024-09-01 15:18:20,步行,武汉市汉阳区,2.9097724452613196,0.81,42.895890765823424,zs_1707382
833,2024-09-01 15:18:20,步行,武汉市汉阳区,2.9097724452613196,0.81,42.895890765823424,zs_1707382
834,2024-09-01 17:13:06,步行,武汉市汉阳区,2.8764267006072144,0.59,67.39935635051046,zs_1707382
835,2024-09-01 17:13:06,步行,武汉市汉阳区,2.8764267006072144,0.59,67.39935635051046,zs_1707382
836,2024-09-01 17:33:03,步行,武汉市汉阳区,3.473008079116186,1.61,69.05167994186382,Achilles
837,2024-09-01 18:05:48,步行,武汉市汉阳区,2.9740466567336754,0.69,54.17715759121845,zs_1707382
838,2024-09-01 18:05:48,步行,武汉市汉阳区,2.9740466567336754,0.69,54.17715759121845,zs_1707382
839,0,未知类型,武汉市汉阳区,0,0,0,匿名
840,0,未知类型,武汉市汉阳区,0,0,0,匿名
841,2024-09-03 17:22:04,步行,武汉市汉阳区,3.890919661528091,0.22,62.89945081356988,Achilles
842,2024-09-03 19:05:00,步行,武汉市汉阳区,11.172585988239605,2.42,78.7413781020546,Ken_LBL6194847
843,2024-09-03 19:05:00,步行,武汉市汉阳区,11.172585988239605,2.42,78.7413781020546,Ken_LBL6194847
844,2024-09-03 19:06:07,步行,武汉市汉阳区,11.225539902289022,2.23,94.16979166054377,大写的熊
845,2024-09-03 19:06:07,步行,武汉市汉阳区,11.225539902289022,2.23,94.16979166054377,大写的熊
846,0,未知类型,武汉市汉阳区,0,0,0,匿名
847,0,未知类型,武汉市汉阳区,0,0,0,匿名
848,2024-09-04 08:46:03,步行,武汉市汉阳区,19.331992054828035,7.6,81.01753878688788,城市工
849,2024-09-04 18:39:10,步行,武汉市汉阳区,28.35069444569886,8.69,64.51319547455209,自嗨蓝胖子
850,2024-09-04 18:39:10,步行,武汉市汉阳区,28.35069444569886,8.69,64.51319547455209,自嗨蓝胖子
851,2024-09-05 08:33:12,步行,武汉市汉阳区,73.86948485480414,8.21,55.14471787847207,zs_6812658
852,2024-09-06 18:34:11,步行,武汉市汉阳区,12.730150992680896,2.72,64.25262231802512,拾悦
853,2024-09-06 18:34:11,步行,武汉市汉阳区,12.730150992680896,2.72,64.25262231802512,拾悦
854,2024-09-06 18:43:52,步行,武汉市汉阳区,0.49629280920263147,0.11,24.708567644654245,zs_6117569
855,2024-09-06 18:43:52,步行,武汉市汉阳区,0.49629280920263147,0.11,24.708567644654245,zs_6117569
856,2024-09-06 18:51:19,未知类型,武汉市汉阳区,1.7276712397793044,0.96,30.644127721102066,饶银兰18607986850
857,2024-09-07 20:05:45,步行,武汉市汉阳区,5.354721310506259,0.58,33.09981931280345,优美小橙子
858,2024-09-08 10:05:51,步行,武汉市汉阳区,13.514848886693954,3.45,51.934823156546294,Achilles
859,2024-09-08 13:33:07,步行,武汉市汉阳区,1.1291705535489662,0.64,20.137312036677066,Achilles
860,2024-09-09 18:14:08,步行,武汉市汉阳区,4.329681287717997,2.01,60.17288688767872,Achilles
861,2024-09-09 19:33:13,步行,武汉市汉阳区,4.32399466609312,2.2,129.2030112668872,夏啊夏
862,2024-09-09 19:33:13,步行,武汉市汉阳区,4.32399466609312,2.2,129.2030112668872,夏啊夏
863,0,未知类型,武汉市汉阳区,0,0,0,匿名
864,0,未知类型,武汉市汉阳区,0,0,0,匿名
865,2024-09-10 14:08:05,步行,武汉市汉阳区,9.353722971241282,1.2,99.0030761963607,Achilles
866,2024-09-10 15:20:42,步行,武汉市汉阳区,8.21089206201736,0.51,28.299999999999997,Achilles
867,2024-09-10 19:05:05,步行,武汉市汉阳区,11.570846630610022,2.91,89.65221475238152,新新牧羊人
868,2024-09-11 09:35:19,步行,武汉市汉阳区,1.827091299591226,1.57,18.702103484908545,sham
869,2024-09-11 12:13:30,步行,武汉市汉阳区,18.31790040137148,1.76,75.00435595590601,Achilles
870,2024-09-11 18:11:02,步行,武汉市汉阳区,13.808359563495905,1.46,123.9,Achilles
871,2024-09-11 18:11:02,步行,武汉市汉阳区,13.808359563495905,1.46,123.9,Achilles
872,2024-09-11 19:38:31,步行,武汉市汉阳区,3.096710604013028,3.68,64.90107976129578,Achilles
873,2024-09-12 05:54:03,步行,武汉市汉阳区,16.534456984597625,5.23,85.73092360776349,zs0_2731011
874,2024-09-12 05:54:03,步行,武汉市汉阳区,16.534456984597625,5.23,85.73092360776349,zs0_2731011
875,2024-09-12 14:46:32,步行,武汉市汉阳区,2.503211461317843,0.89,47.18051488261153,Achilles
876,2024-09-12 22:45:41,步行,武汉市汉阳区,0.8813650286170611,0.48,32.176786195987475,Achilles
877,2024-09-13 08:37:45,步行,武汉市汉阳区,6.0442506276353045,2.6,6.598297910375669,zs0_2731011
878,2024-09-13 08:37:45,步行,武汉市汉阳区,6.0442506276353045,2.6,6.598297910375669,zs0_2731011
879,2024-09-13 11:06:51,步行,武汉市汉阳区,4.855061290339683,0.22,42.86667752532765,Achilles
880,2024-09-14 08:15:43,步行,武汉市汉阳区,1.4485024132555238,0.69,11.580935691383424,zs0_2731011
881,2024-09-14 08:15:43,步行,武汉市汉阳区,1.4485024132555238,0.69,11.580935691383424,zs0_2731011
882,2024-09-14 14:01:59,步行,武汉市汉阳区,16.811370422070834,0.98,120.63247706329149,Achilles
883,2024-09-16 11:51:02,步行,武汉市汉阳区,5.085306980329503,0.29,54.27819005785331,Achilles
884,2024-09-17 11:19:05,步行,武汉市汉阳区,8.134111428223411,2.13,88.66941537589341,ym9848
885,2024-09-17 11:19:05,步行,武汉市汉阳区,8.134111428223411,2.13,88.66941537589341,ym9848
886,2024-09-17 19:20:44,步行,武汉市汉阳区,6.229611889303821,1.97,81.71806346394754,户外运行
887,2024-09-17 19:20:44,步行,武汉市汉阳区,6.229611889303821,1.97,81.71806346394754,户外运行
888,2024-09-19 19:03:55,步行,武汉市汉阳区,14.694373909146456,3.26,60.08758544921875,海燕_LBL3496412
889,2024-09-19 19:03:55,步行,武汉市汉阳区,14.694373909146456,3.26,60.08758544921875,海燕_LBL3496412
890,2024-09-21 17:05:06,步行,武汉市汉阳区,1.7394117026481095,1.55,44.49296383225437,Love笨笨
891,2024-09-21 17:05:06,步行,武汉市汉阳区,1.7394117026481095,1.55,44.49296383225437,Love笨笨
892,2024-09-22 19:04:44,步行,武汉市汉阳区,9.538380645542794,0.83,67.8239291145624,Achilles
893,2024-09-24 11:23:38,步行,武汉市汉阳区,0.17718836301934565,0.07,14.651369386491282,吴某某。。。
894,2024-09-24 11:23:38,步行,武汉市汉阳区,0.17718836301934565,0.07,14.651369386491282,吴某某。。。
895,2024-09-24 11:02:20,步行,武汉市汉阳区,8.78441041424935,0.43,22.48914695295063,zs0_7171992
896,2024-09-24 11:02:20,步行,武汉市汉阳区,8.78441041424935,0.43,22.48914695295063,zs0_7171992
897,2024-09-24 19:05:57,步行,武汉市汉阳区,12.752246084986988,3.1,50.403190937210056,新新牧羊人
898,0,未知类型,武汉市汉阳区,0,0,0,匿名
899,0,未知类型,武汉市汉阳区,0,0,0,匿名
900,0,未知类型,武汉市汉阳区,0,0,0,匿名
901,0,未知类型,武汉市汉阳区,0,0,0,匿名
902,2024-09-26 19:46:57,步行,武汉市汉阳区,15.484075050909645,1.91,45.92323565627401,zs0_2731011
903,2024-09-26 19:46:57,步行,武汉市汉阳区,15.484075050909645,1.91,45.92323565627401,zs0_2731011
904,2024-09-26 21:04:32,步行,武汉市汉阳区,3.5527850987977705,0.49,85.79775483644408,小提琴
905,2024-09-26 21:04:32,步行,武汉市汉阳区,3.5527850987977705,0.49,85.79775483644408,小提琴
906,2024-09-28 19:19:34,步行,武汉市汉阳区,7.0039223361733445,18.57,38.7235107421875,小提琴
907,2024-09-28 19:19:34,步行,武汉市汉阳区,7.0039223361733445,18.57,38.7235107421875,小提琴
908,2024-09-29 15:22:52,步行,武汉市汉阳区,3.1701969232369027,0.77,133.54762941160183,zs0_1077425
909,2024-09-29 15:22:52,步行,武汉市汉阳区,3.1701969232369027,0.77,133.54762941160183,zs0_1077425
910,2024-09-29 15:22:52,步行,武汉市汉阳区,3.1701969232369027,0.77,133.54762941160183,zs0_1077425
911,2024-10-01 15:32:05,步行,武汉市汉阳区,2.924582269118755,1.97,39.34854288519967,木槿槿
912,2024-10-01 15:32:05,步行,武汉市汉阳区,2.924582269118755,1.97,39.34854288519967,木槿槿
913,2024-10-01 19:53:44,步行,武汉市汉阳区,2.390067495324334,0.5,32.993769042973724,初木LDHZ
914,2024-10-01 19:53:44,步行,武汉市汉阳区,2.390067495324334,0.5,32.993769042973724,初木LDHZ
915,0,未知类型,武汉市汉阳区,0,0,0,匿名
916,2024-10-07 07:56:36,步行,武汉市汉阳区,51.78104806984883,10.2,57.512469500245466,深南向上
917,2024-10-08 12:52:08,步行,武汉市汉阳区,13.252736522532281,4.74,24.316349557544427,zs_6261850
918,2024-10-08 12:52:08,步行,武汉市汉阳区,13.252736522532281,4.74,24.316349557544427,zs_6261850
919,0,未知类型,武汉市汉阳区,0,0,0,匿名
920,0,未知类型,武汉市汉阳区,0,0,0,匿名
921,2024-10-12 14:59:36,未知类型,武汉市汉阳区,4.551841146422682,1.57,221.2986635922043,zs_9825153
922,0,未知类型,武汉市汉阳区,0,0,0,匿名
923,0,未知类型,武汉市汉阳区,0,0,0,匿名
924,2024-10-15 15:58:22,步行,武汉市汉阳区,8.425155015703078,0.93,53.031539601077945,Achilles
925,2024-10-16 18:58:13,步行,武汉市汉阳区,11.268924093646708,0.94,38.64106027610917,牛毅..
926,2024-10-17 14:40:52,步行,武汉市汉阳区,0.02183620329099184,0.02,8.321295480558048,通透性
927,2024-10-18 05:19:51,步行,武汉市汉阳区,10.852733850498094,1.02,31.73926396041573,牛毅..
928,2024-10-18 06:49:06,步行,武汉市汉阳区,4.094647512284344,1.07,21.26171875,七宝一丁
929,2024-10-18 06:49:06,步行,武汉市汉阳区,4.094647512284344,1.07,21.26171875,七宝一丁
930,2024-10-18 09:10:30,步行,武汉市汉阳区,3.9238135475240465,0.82,30.506978410476478,hy_LBL6541551
931,2024-10-18 09:10:30,步行,武汉市汉阳区,3.9238135475240465,0.82,30.506978410476478,hy_LBL6541551
932,2024-10-19 14:23:25,步行,武汉市汉阳区,4.11002844634082,2.37,100.34918212890625,一懒众衫小~
933,2024-10-19 14:23:25,步行,武汉市汉阳区,4.11002844634082,2.37,100.34918212890625,一懒众衫小~
934,2024-10-20 16:34:32,步行,武汉市汉阳区,2.1448014178424017,1.5,76.519086522187,阿莫西玲
935,2024-10-22 11:41:00,步行,武汉市汉阳区,4.3729456052256275,0.47,27.39733813606488,hy_LBL6541551
936,2024-10-22 11:41:00,步行,武汉市汉阳区,4.3729456052256275,0.47,27.39733813606488,hy_LBL6541551
937,2024-10-22 13:48:58,步行,武汉市汉阳区,3.3533221648019627,0.25,34.73536188900471,hy_LBL6541551
938,2024-10-22 16:19:36,未知类型,武汉市汉阳区,0.38798784193715263,0.05,22.4151515440387,hy_LBL6541551
939,2024-10-22 16:19:36,未知类型,武汉市汉阳区,0.38798784193715263,0.05,22.4151515440387,hy_LBL6541551
940,0,未知类型,武汉市汉阳区,0,0,0,匿名
941,0,未知类型,武汉市汉阳区,0,0,0,匿名
942,0,未知类型,武汉市汉阳区,0,0,0,匿名
943,0,未知类型,武汉市汉阳区,0,0,0,匿名
944,2024-10-25 15:53:09,步行,武汉市汉阳区,2.1058257640514904,0.69,31.919564216951294,zs_2708710
945,2024-10-26 08:16:30,步行,武汉市汉阳区,27.54122626505497,7.48,62.26865112621807,樱木2991
946,2024-10-26 08:16:30,步行,武汉市汉阳区,27.54122626505497,7.48,62.26865112621807,樱木2991
947,2024-10-26 15:56:00,步行,武汉市汉阳区,6.193942498215129,2.07,90.57449193410284,户外运行
948,2024-10-26 15:56:00,步行,武汉市汉阳区,6.193942498215129,2.07,90.57449193410284,户外运行
949,2024-10-27 12:29:56,步行,武汉市汉阳区,10.029701087434947,2.94,73.23130984771598,zs_6460188
950,2024-10-27 12:29:56,步行,武汉市汉阳区,10.029701087434947,2.94,73.23130984771598,zs_6460188
951,2024-10-28 09:38:35,步行,武汉市汉阳区,0.7137499915451778,0.14,38.366320372923695,溪悬空中
952,2024-10-28 09:38:35,步行,武汉市汉阳区,0.7137499915451778,0.14,38.366320372923695,溪悬空中
953,2024-10-28 15:48:40,步行,武汉市汉阳区,3.5295653287935944,1.88,68.41687407796614,CZQ弓虽
954,2024-10-28 15:48:40,步行,武汉市汉阳区,3.5295653287935944,1.88,68.41687407796614,CZQ弓虽
955,2024-10-28 15:48:40,步行,武汉市汉阳区,3.5295653287935944,1.88,68.41687407796614,CZQ弓虽
956,2024-10-28 15:48:40,步行,武汉市汉阳区,3.5295653287935944,1.88,68.41687407796614,CZQ弓虽
957,0,未知类型,武汉市汉阳区,0,0,0,匿名
958,0,未知类型,武汉市汉阳区,0,0,0,匿名
959,0,未知类型,武汉市汉阳区,0,0,0,匿名
960,0,未知类型,武汉市汉阳区,0,0,0,匿名
961,0,未知类型,武汉市汉阳区,0,0,0,匿名
962,0,未知类型,武汉市汉阳区,0,0,0,匿名
963,2024-10-31 08:32:26,步行,武汉市汉阳区,0.9554438370764621,0.38,64.9622802734375,zs_2134078
964,0,未知类型,武汉市汉阳区,0,0,0,匿名
965,2024-11-02 08:15:53,步行,武汉市汉阳区,3.7437131798102663,1.31,70.96288883213929,蓝天1957
966,2024-11-04 07:52:16,步行,武汉市汉阳区,4.293704377287796,0.18,32.417210885099685,zs_1798327
967,2024-11-07 10:39:27,步行,武汉市汉阳区,9.587743623870413,2.14,86.30407935599317,Zibba
968,2024-11-07 10:39:27,步行,武汉市汉阳区,9.587743623870413,2.14,86.30407935599317,Zibba
969,2024-11-09 18:44:57,步行,武汉市汉阳区,12.725315366421794,3.42,80.09021061036256,木子石松
970,2024-11-09 18:44:57,步行,武汉市汉阳区,12.725315366421794,3.42,80.09021061036256,木子石松
971,0,未知类型,武汉市汉阳区,0,0,0,匿名
972,0,未知类型,武汉市汉阳区,0,0,0,匿名
973,0,未知类型,武汉市汉阳区,0,0,0,匿名
974,2024-11-12 14:52:09,步行,武汉市汉阳区,10.00145224087597,2.9,162.48300832582112,Achilles
975,2024-11-12 16:05:41,步行,武汉市汉阳区,0.6222454910372005,0.2,46.32107451610196,zs_7012149
976,2024-11-12 16:05:41,步行,武汉市汉阳区,0.6222454910372005,0.2,46.32107451610196,zs_7012149
977,2024-11-13 12:25:37,步行,武汉市汉阳区,0.08863318908968318,0.02,25.626795252664913,zerry1
978,2024-11-13 12:25:37,步行,武汉市汉阳区,0.08863318908968318,0.02,25.626795252664913,zerry1
979,2024-11-13 11:52:19,步行,武汉市汉阳区,16.78262580919606,4.21,64.87002406970404,zs0_2731011
980,2024-11-13 11:52:19,步行,武汉市汉阳区,16.78262580919606,4.21,64.87002406970404,zs0_2731011
981,2024-11-13 11:52:19,步行,武汉市汉阳区,16.78262580919606,4.21,64.87002406970404,zs0_2731011
982,2024-11-14 19:04:54,步行,武汉市汉阳区,12.196984783028405,2.46,44.846373906057536,新新牧羊人
983,0,未知类型,武汉市汉阳区,0,0,0,匿名
984,2024-11-15 11:16:05,步行,武汉市汉阳区,4.49923476562439,0.74,25.14645108586746,假小叶
985,2024-11-15 11:11:55,步行,武汉市汉阳区,0.44593024773436446,0.24,28.76,壹叁壹
986,0,步行,武汉市汉阳区,0,0,0,壹叁壹
987,2024-11-15 11:11:55,步行,武汉市汉阳区,0.44593024773436446,0.24,28.76,壹叁壹
988,0,步行,武汉市汉阳区,0,0,0,壹叁壹
989,2024-11-17 08:25:46,未知类型,武汉市汉阳区,7.364332177455049,1.59,649.6007772347036,没牙
990,0,未知类型,武汉市汉阳区,0,0,0,匿名
991,0,未知类型,武汉市汉阳区,0,0,0,匿名
992,2024-11-22 13:20:27,步行,武汉市汉阳区,1.4098098297226294,0.35,16.9623061935937,tianzy001
993,2024-11-22 13:20:27,步行,武汉市汉阳区,1.4098098297226294,0.35,16.9623061935937,tianzy001
994,2024-11-23 09:22:10,步行,武汉市汉阳区,22.178233111204985,6.61,40.09671603588484,小奚_LBL5175824
995,2024-11-23 09:22:10,步行,武汉市汉阳区,22.178233111204985,6.61,40.09671603588484,小奚_LBL5175824
996,2024-11-25 14:10:52,步行,武汉市汉阳区,3.557837401741379,6.9,113.2,Achilles
997,2024-11-27 12:34:31,步行,武汉市汉阳区,2.0003742395419044,0.57,27.46017255878502,tianzy001
998,2024-11-27 12:34:31,步行,武汉市汉阳区,2.0003742395419044,0.57,27.46017255878502,tianzy001
999,2024-11-28 12:42:30,步行,武汉市汉阳区,2.00718759975371,0.51,30.57989501953125,tianzy001
1000,2024-11-28 12:42:30,步行,武汉市汉阳区,2.00718759975371,0.51,30.57989501953125,tianzy001
1001,2024-11-29 12:26:04,步行,武汉市汉阳区,2.089031176828738,0.48,28.16611384173642,tianzy001
1002,2024-11-29 12:26:04,步行,武汉市汉阳区,2.089031176828738,0.48,28.16611384173642,tianzy001
1003,0,步行,武汉市汉阳区,0,0,0,xxx枫叶
1004,0,步行,武汉市汉阳区,0,0,0,xxx枫叶
1005,0,未知类型,武汉市汉阳区,0,0,0,匿名
1006,0,未知类型,武汉市汉阳区,0,0,0,匿名
1007,0,未知类型,武汉市汉阳区,0,0,0,匿名
1008,2024-12-07 19:21:12,步行,武汉市汉阳区,5.266423064217985,0.55,25.09234712755792,飞翔云雾
1009,2024-12-07 19:21:12,步行,武汉市汉阳区,5.266423064217985,0.55,25.09234712755792,飞翔云雾
1010,0,未知类型,武汉市汉阳区,0,0,0,匿名
1011,0,未知类型,武汉市汉阳区,0,0,0,匿名
1012,2024-12-10 08:57:56,步行,武汉市汉阳区,7.528538520605716,2.5,21.215101712331098,旅游学院--韩忠
1013,2024-12-10 08:57:56,步行,武汉市汉阳区,7.528538520605716,2.5,21.215101712331098,旅游学院--韩忠
1014,0,未知类型,武汉市汉阳区,0,0,0,匿名
1015,2024-12-13 09:39:49,步行,武汉市汉阳区,3.6025667705404683,1.83,565.0,
1016,2024-12-13 09:39:49,步行,武汉市汉阳区,3.6025667705404683,1.83,565.0,
1017,2024-12-13 10:34:34,步行,武汉市汉阳区,1.8102741552497201,1.56,15.6934814453125,Luffy_LBL3289131
1018,2024-12-13 10:41:14,步行,武汉市汉阳区,4.111341613748049,2.82,21.97,zs_5534742
1019,2024-12-13 14:32:15,步行,武汉市汉阳区,1.69774040194182,1.12,21.9,
1020,2024-12-13 14:32:15,步行,武汉市汉阳区,1.69774040194182,1.12,21.9,
1021,0,未知类型,武汉市汉阳区,0,0,0,匿名
1022,0,未知类型,武汉市汉阳区,0,0,0,匿名
1023,2024-12-19 14:51:28,步行,武汉市汉阳区,4.220007190509724,1.77,59.841135174036026,zs_3184052
1024,2024-12-19 14:51:35,步行,武汉市汉阳区,4.401329155696604,1.78,67.937744140625,zs_3154292
1025,0,未知类型,武汉市汉阳区,0,0,0,匿名
1026,0,未知类型,武汉市汉阳区,0,0,0,匿名
1027,0,未知类型,武汉市汉阳区,0,0,0,匿名
1028,2024-12-24 15:08:12,步行,武汉市汉阳区,3.8804519758504825,1.38,26.53554483707551,柒夜110
1029,0,未知类型,武汉市汉阳区,0,0,0,匿名
1030,0,未知类型,武汉市汉阳区,0,0,0,匿名
1031,2024-12-31 19:44:54,步行,武汉市汉阳区,5.220946262422929,0.5,23.947036321672478,飞翔云雾
1032,2024-12-31 19:44:54,步行,武汉市汉阳区,5.220946262422929,0.5,23.947036321672478,飞翔云雾
1033,2025-01-01 14:43:02,步行,武汉市汉阳区,13.72984614843349,3.8,73.39351431434558,zs0_9276827
1034,2025-01-01 18:05:26,步行,武汉市汉阳区,4.414365025093231,0.94,24.228599583937637,淼淼🦊澳门发布会
1035,2025-01-01 18:05:26,步行,武汉市汉阳区,4.414365025093231,0.94,24.228599583937637,淼淼🦊澳门发布会
1036,2025-01-01 19:40:08,步行,武汉市汉阳区,8.598031115381643,2.95,59.437907974306974,Liy123
1037,2025-01-02 19:48:06,步行,武汉市汉阳区,12.177538789363078,2.31,75.46512373115641,Liy123
1038,0,未知类型,武汉市汉阳区,0,0,0,匿名
1039,0,未知类型,武汉市汉阳区,0,0,0,匿名
1040,2025-01-03 20:47:35,步行,武汉市汉阳区,6.854204053241803,1.53,56.43344848779163,Liy123
1041,0,未知类型,武汉市汉阳区,0,0,0,匿名
1042,0,未知类型,武汉市汉阳区,0,0,0,匿名
1043,2025-01-05 19:59:11,步行,武汉市汉阳区,4.204164578497962,0.52,39.86820926950081,飞翔云雾
1044,2025-01-05 19:59:11,步行,武汉市汉阳区,4.204164578497962,0.52,39.86820926950081,飞翔云雾
1045,0,未知类型,武汉市汉阳区,0,0,0,匿名
1046,0,未知类型,武汉市汉阳区,0,0,0,匿名
1047,0,未知类型,武汉市汉阳区,0,0,0,匿名
1048,0,未知类型,武汉市汉阳区,0,0,0,匿名
1049,2025-01-18 07:32:49,步行,武汉市汉阳区,4.109930974346887,1.25,20.33306884765625,攀攀攀行
1050,2025-01-18 07:32:49,步行,武汉市汉阳区,4.109930974346887,1.25,20.33306884765625,攀攀攀行
1051,2025-01-22 07:10:00,步行,武汉市汉阳区,9.025885888897415,2.37,69.32724017337402,攀攀攀行
1052,2025-01-26 18:20:24,步行,武汉市汉阳区,1.4148032979978942,0.29,28.6142266261612,胡杨
1053,2025-01-26 18:20:24,步行,武汉市汉阳区,1.4148032979978942,0.29,28.6142266261612,胡杨
1054,2025-01-30 08:21:53,步行,武汉市汉阳区,1.9880436295652382,0.75,48.07050787238883,悠游天下
1055,2025-01-31 11:47:02,步行,武汉市汉阳区,3.231895446706312,1.58,104.4708662425386,我叫贾斯汀
1056,2025-02-02 10:37:26,步行,武汉市汉阳区,10.209973918639706,2.02,26.903449660310155,yuanzh_LBL4601425
1057,2025-02-02 10:37:26,步行,武汉市汉阳区,10.209973918639706,2.02,26.903449660310155,yuanzh_LBL4601425
1058,2025-02-03 14:34:59,步行,武汉市汉阳区,3.1223248392709535,1.03,49.5507037769452,凤凰树叶
1059,2025-02-03 14:34:59,步行,武汉市汉阳区,3.1223248392709535,1.03,49.5507037769452,凤凰树叶
1060,2025-02-05 20:12:15,步行,武汉市汉阳区,3.5449873863784815,0.48,29.166188471455534,无二旅人s
1061,2025-02-05 20:12:15,步行,武汉市汉阳区,3.5449873863784815,0.48,29.166188471455534,无二旅人s
1062,2025-02-05 20:12:15,步行,武汉市汉阳区,3.5449873863784815,0.48,29.166188471455534,无二旅人s
1063,0,未知类型,武汉市汉阳区,0,0,0,匿名
1064,2025-02-09 09:16:19,步行,武汉市汉阳区,5.908070446793007,6.99,47.58487035676222,Voyager
1065,2025-02-09 09:16:19,步行,武汉市汉阳区,5.908070446793007,6.99,47.58487035676222,Voyager
1066,2025-02-10 11:46:09,步行,武汉市汉阳区,4.291890161930175,0.47,35.413500437695106,摇啊摇摇到外婆桥
1067,2025-02-10 11:46:09,步行,武汉市汉阳区,4.291890161930175,0.47,35.413500437695106,摇啊摇摇到外婆桥
1068,0,未知类型,武汉市汉阳区,0,0,0,匿名
1069,0,未知类型,武汉市汉阳区,0,0,0,匿名
1070,0,未知类型,武汉市汉阳区,0,0,0,匿名
1071,2025-02-11 12:11:13,步行,武汉市汉阳区,2.4031606691859677,0.59,43.026040560452536,nady
1072,2025-02-11 12:11:13,步行,武汉市汉阳区,2.4031606691859677,0.59,43.026040560452536,nady
1073,2025-02-13 10:26:47,步行,武汉市汉阳区,0.5640967211148986,0.22,42.66271812628889,舍予凌20031231
1074,2025-02-13 12:22:45,步行,武汉市汉阳区,0.5730028729044705,0.34,86.87157858988267,舍予凌20031231
1075,0,未知类型,武汉市汉阳区,0,0,0,匿名
1076,0,未知类型,武汉市汉阳区,0,0,0,匿名
1077,2025-02-18 09:34:30,步行,武汉市汉阳区,1.861837431417971,1.13,14.703895186382631,请修改昵称
1078,2025-02-18 09:34:30,步行,武汉市汉阳区,1.861837431417971,1.13,14.703895186382631,请修改昵称
1079,2025-02-18 10:42:17,步行,武汉市汉阳区,7.807123287910731,1.24,24.961732744529034,请修改昵称
1080,2025-02-18 10:42:17,步行,武汉市汉阳区,7.807123287910731,1.24,24.961732744529034,请修改昵称
1081,2025-02-18 19:24:49,步行,武汉市汉阳区,17.301643016568317,3.41,37.525825489107966,无二s
1082,2025-02-18 19:24:49,步行,武汉市汉阳区,17.301643016568317,3.41,37.525825489107966,无二s
1083,0,未知类型,武汉市汉阳区,0,0,0,匿名
1084,0,未知类型,武汉市汉阳区,0,0,0,匿名
1085,2025-02-20 08:51:45,步行,武汉市汉阳区,34.598541968305405,2.23,20.98891994855303,zs_1460076
1086,2025-02-20 08:51:45,步行,武汉市汉阳区,34.598541968305405,2.23,20.98891994855303,zs_1460076
1087,2025-02-20 08:51:45,步行,武汉市汉阳区,34.598541968305405,2.23,20.98891994855303,zs_1460076
1088,2025-02-20 08:51:45,步行,武汉市汉阳区,34.598541968305405,2.23,20.98891994855303,zs_1460076
1089,2025-02-22 09:53:51,步行,武汉市汉阳区,21.202580399906797,7.19,170.9233735510666,城市工
1090,2025-02-26 07:29:53,步行,武汉市汉阳区,4.986832582927147,0.75,18.636249001551736,zs_7326534
1091,2025-02-26 09:21:22,步行,武汉市汉阳区,3.845356411098507,1.3,124.32268411414111,名字_LBL7036003
1092,2025-02-26 09:21:22,步行,武汉市汉阳区,3.845356411098507,1.3,124.32268411414111,名字_LBL7036003
1093,2025-02-26 09:21:22,步行,武汉市汉阳区,3.845356411098507,1.3,124.32268411414111,名字_LBL7036003
1094,2025-02-26 09:21:22,步行,武汉市汉阳区,3.845356411098507,1.3,124.32268411414111,名字_LBL7036003
1095,2025-02-26 09:27:52,未知类型,武汉市汉阳区,5.77837994414706,1.74,25.50179471964889,zs_6599111
1096,2025-02-26 09:27:52,未知类型,武汉市汉阳区,5.77837994414706,1.74,25.50179471964889,zs_6599111
1097,2025-02-26 09:27:52,未知类型,武汉市汉阳区,5.77837994414706,1.74,25.50179471964889,zs_6599111
1098,2025-02-26 09:27:52,未知类型,武汉市汉阳区,5.77837994414706,1.74,25.50179471964889,zs_6599111
1099,2025-02-26 12:52:56,步行,武汉市汉阳区,1.337053593563735,0.35,85.56585486693629,zs_7973850
1100,2025-02-26 12:52:56,步行,武汉市汉阳区,1.337053593563735,0.35,85.56585486693629,zs_7973850
1101,2025-02-26 12:52:56,步行,武汉市汉阳区,1.337053593563735,0.35,85.56585486693629,zs_7973850
1102,2025-02-26 12:52:56,步行,武汉市汉阳区,1.337053593563735,0.35,85.56585486693629,zs_7973850
1103,2025-02-27 08:21:53,步行,武汉市汉阳区,5.363027241945437,1.4,26.85405572832549,zs_7326534
1104,2025-02-27 21:19:27,步行,武汉市汉阳区,0.011685440954968786,0.01,17.516010788516663,新新牧羊人
1105,2025-02-27 20:59:55,步行,武汉市汉阳区,11.115053496071834,2.23,46.85033208872082,丁丁丁丁丁丁丁
1106,2025-02-28 13:15:24,步行,武汉市汉阳区,2.336746084102825,1.98,59.242985606845224,zs_9876916
1107,2025-02-28 10:40:41,步行,武汉市汉阳区,5.463167846852963,3.01,62.126437903451716,佳琪_LBL4952958
1108,2025-02-28 13:15:24,步行,武汉市汉阳区,2.336746084102825,1.98,59.242985606845224,zs_9876916
1109,2025-02-28 10:40:41,步行,武汉市汉阳区,5.463167846852963,3.01,62.126437903451716,佳琪_LBL4952958
1110,2025-02-28 13:15:24,步行,武汉市汉阳区,2.336746084102825,1.98,59.242985606845224,zs_9876916
1111,2025-02-28 10:40:41,步行,武汉市汉阳区,5.463167846852963,3.01,62.126437903451716,佳琪_LBL4952958
1112,2025-02-28 13:15:24,步行,武汉市汉阳区,2.336746084102825,1.98,59.242985606845224,zs_9876916
1113,2025-02-28 10:40:41,步行,武汉市汉阳区,5.463167846852963,3.01,62.126437903451716,佳琪_LBL4952958
1114,0,未知类型,武汉市汉阳区,0,0,0,匿名
1115,2025-02-28 14:07:06,步行,武汉市汉阳区,0.8679169239805712,0.69,44.587197337886764,zs_6261383
1116,2025-02-28 14:07:06,步行,武汉市汉阳区,0.8679169239805712,0.69,44.587197337886764,zs_6261383
1117,2025-03-01 08:14:34,步行,武汉市汉阳区,25.979581064510494,7.23,99.60505205081505,城市工
1118,0,未知类型,武汉市汉阳区,0,0,0,匿名
1119,0,未知类型,武汉市汉阳区,0,0,0,匿名
1120,2025-03-01 15:43:32,步行,武汉市汉阳区,12.466201990080188,2.72,37.03085150226942,朝侠＆滚滚长江
1121,2025-03-01 15:43:32,步行,武汉市汉阳区,12.466201990080188,2.72,37.03085150226942,朝侠＆滚滚长江
1122,2025-03-04 08:24:36,步行,武汉市汉阳区,0.35965911677862017,3.7,36.143761443869415,zs0_7830708
1123,2025-03-04 14:59:31,步行,武汉市汉阳区,6.563123226686066,1.97,31.14610253755324,zs0_6505667
1124,2025-03-04 14:59:31,步行,武汉市汉阳区,6.563123226686066,1.97,31.14610253755324,zs0_6505667
1125,2025-03-04 17:35:46,步行,武汉市汉阳区,1.0122774272859305,0.22,23.183391551463963,zs_7295872
1126,2025-03-04 18:27:08,步行,武汉市汉阳区,6.934522523859284,20.46,78.4788818359375,zs_1915958
1127,2025-03-04 18:27:08,步行,武汉市汉阳区,6.934522523859284,20.46,78.4788818359375,zs_1915958
1128,2025-03-04 19:14:25,步行,武汉市汉阳区,10.281576351182995,2.23,83.7570649546151,我吃饱了916
1129,2025-03-05 06:16:43,步行,武汉市汉阳区,5.089623018454686,1.13,54.2317430643563,陈EP
1130,2025-03-05 14:21:51,步行,武汉市汉阳区,1.182728044714731,0.51,22.857793273018125,zs_2543103
1131,2025-03-05 14:07:46,步行,武汉市汉阳区,7.322058970283546,2.85,26.477007181461204,Libra_LBL1612405
1132,2025-03-05 14:07:46,步行,武汉市汉阳区,7.322058970283546,2.85,26.477007181461204,Libra_LBL1612405
1133,2025-03-05 16:29:01,步行,武汉市汉阳区,4.524103022626712,1.68,42.30520033274285,。_LBL3297177
1134,2025-03-05 16:29:01,步行,武汉市汉阳区,4.524103022626712,1.68,42.30520033274285,。_LBL3297177
1135,2025-03-06 10:20:11,步行,武汉市汉阳区,1.3534850204755386,0.56,18.76898724033612,zs_7295872
1136,2025-03-06 20:52:47,步行,武汉市汉阳区,3.4486691684264623,0.87,30.658482735558515,梅小侠
1137,2025-03-07 10:33:01,步行,武汉市汉阳区,6.630075512962573,0.91,35.80897323725673,博长空
1138,2025-03-07 16:39:57,步行,武汉市汉阳区,1.2778496043235195,0.31,13.128773366016267,zs_7295872
1139,2025-03-08 08:39:54,步行,武汉市汉阳区,20.83576769346191,6.87,127.80377197265625,城市工
1140,2025-03-08 13:52:52,步行,武汉市汉阳区,7.549350437163415,1.86,37.588658305084856,zs0_1685281
1141,2025-03-10 08:23:57,步行,武汉市汉阳区,24.604119445416217,3.63,76.06189541283909,采花小道士
1142,2025-03-10 15:02:23,步行,武汉市汉阳区,0.9079952034241106,0.21,58.04473876953125,zs_7295872
1143,2025-03-11 07:32:43,步行,武汉市汉阳区,5.3952129634240205,0.93,28.113456961742358,zs_7326534
1144,2025-03-11 15:03:45,步行,武汉市汉阳区,3.9327379118525227,1.01,25.88504837590159,zs_7295872
1145,2025-03-13 11:25:21,步行,武汉市汉阳区,6.683738081381411,0.16,77.75702642631447,Achilles
1146,2025-03-15 08:45:36,步行,武汉市汉阳区,29.041099173686025,7.94,90.3277587890625,城市工
1147,2025-03-15 10:01:24,步行,武汉市汉阳区,1.7004215618944707,1.62,31.749717985564025,zs_7029385
1148,2025-03-15 10:01:24,步行,武汉市汉阳区,1.7004215618944707,1.62,31.749717985564025,zs_7029385
1149,2025-03-15 16:30:04,步行,武汉市汉阳区,7.941238305600137,2.14,69.45668266088425,胡杨
1150,2025-03-16 16:02:07,步行,武汉市汉阳区,0.03083139887645495,0.01,35.698325199745454,花开富贵_LBL5438596
1151,2025-03-16 16:02:07,步行,武汉市汉阳区,0.03083139887645495,0.01,35.698325199745454,花开富贵_LBL5438596
1152,2025-03-16 16:02:07,步行,武汉市汉阳区,0.03083139887645495,0.01,35.698325199745454,花开富贵_LBL5438596
1153,2025-03-16 16:02:07,步行,武汉市汉阳区,0.03083139887645495,0.01,35.698325199745454,花开富贵_LBL5438596
1154,2025-03-17 09:41:59,步行,武汉市汉阳区,1.5146326268349197,0.77,31.15791835961991,CDD99881
1155,2025-03-17 09:41:59,步行,武汉市汉阳区,1.5146326268349197,0.77,31.15791835961991,CDD99881
1156,2025-03-18 09:29:53,步行,武汉市汉阳区,2.2148669504958307,1.14,16.120481569146094,大志yy
1157,2025-03-18 10:03:24,步行,武汉市汉阳区,0.7287091415633855,0.19,25.0138757639191,采花小道士
1158,2025-03-18 14:23:38,步行,武汉市汉阳区,8.997857146707414,0.52,53.23168018765361,Achilles
1159,2025-03-18 14:48:58,步行,武汉市汉阳区,3.2681640745158758,1.75,25.840621600738558,zs_7295872
1160,2025-03-18 20:01:47,步行,武汉市汉阳区,1.8736843157386929,0.41,53.24999214339979,攀攀攀行
1161,2025-03-18 20:01:47,步行,武汉市汉阳区,1.8736843157386929,0.41,53.24999214339979,攀攀攀行
1162,0,未知类型,武汉市汉阳区,0,0,0,匿名
1163,2025-03-19 14:57:38,步行,武汉市汉阳区,9.53186978606885,2.92,31.56015760317049,zs_7295872
1164,2025-03-19 17:50:27,步行,武汉市汉阳区,2.0689100948055623,2.16,42.937069981530236,~依 /;-D
1165,2025-03-19 17:50:27,步行,武汉市汉阳区,2.0689100948055623,2.16,42.937069981530236,~依 /;-D
1166,2025-03-19 17:50:27,步行,武汉市汉阳区,2.0689100948055623,2.16,42.937069981530236,~依 /;-D
1167,2025-03-19 17:50:27,步行,武汉市汉阳区,2.0689100948055623,2.16,42.937069981530236,~依 /;-D
1168,2025-03-19 20:48:13,步行,武汉市汉阳区,0.9146825337230343,0.71,87.07846197264892,胡杨
1169,2025-03-20 10:11:40,步行,武汉市汉阳区,10.780318651472236,0.47,55.50502574255113,Achilles
1170,2025-03-20 11:16:09,步行,武汉市汉阳区,10.989872392719617,2.2,108.00796585990898,Achilles
1171,2025-03-20 11:30:22,步行,武汉市汉阳区,5.984144632234559,1.31,81.9563901853534,Zibba
1172,2025-03-20 11:30:22,步行,武汉市汉阳区,5.984144632234559,1.31,81.9563901853534,Zibba
1173,2025-03-20 11:30:22,步行,武汉市汉阳区,5.984144632234559,1.31,81.9563901853534,Zibba
1174,2025-03-20 16:14:29,步行,武汉市汉阳区,3.155237521561552,1.61,42.1639404296875,zs_7295872
1175,2025-03-21 13:48:34,步行,武汉市汉阳区,5.061523300138804,2.78,212.476806640625,zs_7295872
1176,2025-03-22 08:28:53,步行,武汉市汉阳区,24.380157466937877,10.96,98.34122634414689,城市工
1177,2025-03-22 14:41:00,步行,武汉市汉阳区,1.571413618698181,0.4,24.91185632378947,大志yy
1178,2025-03-23 18:32:00,步行,武汉市汉阳区,3.3055153652600895,1.12,193.85363140906355,zs_7212386
1179,0,未知类型,武汉市汉阳区,0,0,0,匿名
1180,0,未知类型,武汉市汉阳区,0,0,0,匿名
1181,2025-03-24 08:40:57,步行,武汉市汉阳区,0.5058726016536977,0.64,29.739467078245614,功到自然成
1182,2025-03-24 16:37:30,步行,武汉市汉阳区,2.1078583482882784,0.14,17.071456152828485,zs_7295872
1183,2025-03-25 10:36:40,步行,武汉市汉阳区,41.70841203458056,2.83,217.2546649698124,zs0_1877257
1184,2025-03-25 10:36:40,步行,武汉市汉阳区,41.70841203458056,2.83,217.2546649698124,zs0_1877257
1185,2025-03-25 15:51:19,步行,武汉市汉阳区,12.354159357338805,3.58,49.52041258597342,zs_2607708
1186,2025-03-25 15:51:19,步行,武汉市汉阳区,12.354159357338805,3.58,49.52041258597342,zs_2607708
1187,0,未知类型,武汉市汉阳区,0,0,0,匿名
1188,0,未知类型,武汉市汉阳区,0,0,0,匿名
1189,0,未知类型,武汉市汉阳区,0,0,0,匿名
1190,0,未知类型,武汉市汉阳区,0,0,0,匿名
1191,0,未知类型,武汉市汉阳区,0,0,0,匿名
1192,0,未知类型,武汉市汉阳区,0,0,0,匿名
1193,2025-03-27 11:33:10,步行,武汉市汉阳区,3.3195045526263383,0.31,47.59524229579465,Achilles
1194,2025-03-29 08:37:40,步行,武汉市汉阳区,23.818886933993035,8.42,94.26923902842219,城市工
1195,0,未知类型,武汉市汉阳区,0,0,0,匿名
1196,0,未知类型,武汉市汉阳区,0,0,0,匿名
1197,0,未知类型,武汉市汉阳区,0,0,0,匿名
1198,0,未知类型,武汉市汉阳区,0,0,0,匿名
1199,2025-03-30 09:50:21,步行,武汉市汉阳区,10.43672007263505,2.36,37.39713432018738,霸宋
1200,2025-04-01 14:17:33,步行,武汉市汉阳区,4.355174941169067,0.25,75.58743145676262,zs_7295872
1201,2025-04-01 15:35:47,步行,武汉市汉阳区,0.993572077686294,0.42,68.0,Reigen
1202,2025-04-01 15:35:47,步行,武汉市汉阳区,0.993572077686294,0.42,68.0,Reigen
1203,2025-04-02 07:50:12,步行,武汉市汉阳区,19.00387681961087,2.32,47.0678337670995,峻鹏
1204,2025-04-02 21:44:59,步行,武汉市汉阳区,2.2722030316196435,0.53,36.366688086864535,噜啦啦咕噜咕噜
1205,2025-04-03 09:53:56,步行,武汉市汉阳区,3.0885460079856633,0.36,64.15471097635336,Achilles
1206,2025-04-03 13:17:36,步行,武汉市汉阳区,2.6879607295284558,0.09,51.28362619030934,Achilles
1207,0,未知类型,武汉市汉阳区,0,0,0,匿名
1208,2025-04-05 08:12:16,步行,武汉市汉阳区,25.84594195558002,10.53,83.36585531889507,城市工
1209,2025-04-05 10:27:25,步行,武汉市汉阳区,10.808547028807716,4.3,194.58393798622802,zs_3160297
1210,2025-04-06 13:16:42,步行,武汉市汉阳区,4.934789644795052,0.5,38.163902218691284,Achilles
1211,2025-04-06 15:47:21,步行,武汉市汉阳区,1.2439511721100895,0.36,44.242736959017115,陈静_LBL2529962
1212,2025-04-06 15:47:21,步行,武汉市汉阳区,1.2439511721100895,0.36,44.242736959017115,陈静_LBL2529962
1213,2025-04-06 15:47:21,步行,武汉市汉阳区,1.2439511721100895,0.36,44.242736959017115,陈静_LBL2529962
1214,2025-04-06 15:47:21,步行,武汉市汉阳区,1.2439511721100895,0.36,44.242736959017115,陈静_LBL2529962
1215,2025-04-07 15:58:16,步行,武汉市汉阳区,3.815283714947763,2.05,39.6637276863852,zs_2708710
1216,2025-04-08 11:36:32,步行,武汉市汉阳区,2.835026524348067,0.61,48.0970506394345,红宝石A
1217,2025-04-08 20:34:39,步行,武汉市汉阳区,0.8990372373494148,0.16,20.87514086506746,追风yx
1218,2025-04-08 17:51:08,步行,武汉市汉阳区,10.290014001852438,0.61,32.260626717274846,老邓_LBL7888730
1219,0,未知类型,武汉市汉阳区,0,0,0,匿名
1220,0,未知类型,武汉市汉阳区,0,0,0,匿名
1221,0,未知类型,武汉市汉阳区,0,0,0,匿名
1222,2025-04-12 07:11:05,步行,武汉市汉阳区,73.21634993777575,8.62,132.89780458692513,山海颂_LBL7412737
1223,2025-04-12 08:32:19,步行,武汉市汉阳区,15.020848425042027,3.61,53.528001980832556,城市工
1224,2025-04-13 08:32:08,步行,武汉市汉阳区,26.566772235627194,5.13,65.48130427634509,Dawnson.wang
1225,2025-04-13 16:02:31,步行,武汉市汉阳区,6.049549441945539,2.17,87.42633031518648,Evelyn
1226,0,未知类型,武汉市汉阳区,0,0,0,匿名
1227,0,未知类型,武汉市汉阳区,0,0,0,匿名
1228,2025-04-15 11:12:04,步行,武汉市汉阳区,19.229489603285284,1.97,25.482850892870115,pwy_LBL4846743
1229,2025-04-15 11:12:04,步行,武汉市汉阳区,19.229489603285284,1.97,25.482850892870115,pwy_LBL4846743
1230,2025-04-15 11:12:04,步行,武汉市汉阳区,19.229489603285284,1.97,25.482850892870115,pwy_LBL4846743
1231,2025-04-15 13:49:22,步行,武汉市汉阳区,41.959964016619885,11.43,53.389608252509305,zs_2332330
1232,2025-04-15 13:49:22,步行,武汉市汉阳区,41.959964016619885,11.43,53.389608252509305,zs_2332330
1233,2025-04-15 19:12:31,步行,武汉市汉阳区,9.967584790243682,2.25,69.21356082687784,杨杨109
1234,2025-04-15 19:50:00,步行,武汉市汉阳区,3.0430859362788394,2.59,63.32412298319703,Achilles
1235,0,未知类型,武汉市汉阳区,0,0,0,匿名
1236,2025-04-16 07:17:40,步行,武汉市汉阳区,11.038874513630542,0.8,39.83045024916731,Achilles
1237,2025-04-16 10:32:52,步行,武汉市汉阳区,8.560816563405037,1.59,41.637792481846574,Zibba
1238,2025-04-17 13:47:17,步行,武汉市汉阳区,3.3489048288827568,2.55,134.788322412374,Achilles
1239,0,未知类型,武汉市汉阳区,0,0,0,匿名
1240,2025-04-18 07:31:20,步行,武汉市汉阳区,3.162275492501741,1.03,41.5293341370026,Achilles
1241,2025-04-19 07:39:50,步行,武汉市汉阳区,21.32899749100367,7.8,130.7874755859375,城市工
1242,2025-04-19 08:26:43,步行,武汉市汉阳区,4.410728388067055,2.14,107.1,Achilles
1243,2025-04-20 09:06:58,步行,武汉市汉阳区,4.847872564778532,2.05,62.00681453783444,Achilles
1244,2025-04-24 15:42:43,步行,武汉市汉阳区,3.7255539935418116,1.43,86.3807373046875,巴蒂
1245,2024-09-27 08:13:14,未知类型,武汉市汉阳区,5.089392874394288,2.96,28.57,颜鹏_LBL6333696
1246,2024-09-27 08:13:14,未知类型,武汉市汉阳区,5.089392874394288,2.96,28.57,颜鹏_LBL6333696
1247,2024-02-18 14:25:31,步行,武汉市汉阳区,2.270164520205203,0.54,27.787716889977762,故人_2024
1248,2024-11-16 08:31:22,步行,武汉市汉阳区,7.6199818595260105,1.26,645.5766021350471,第九十九步贤
1249,2024-11-17 08:25:53,步行,武汉市汉阳区,7.454356331466452,1.59,640.8920333857274,zs_9313244
1250,2024-03-23 13:22:40,步行,武汉市汉阳区,4.132780165529053,3.35,44.752242176962326,zs_9215412
1251,2024-04-05 13:51:29,步行,武汉市汉阳区,1.191643296273245,0.27,18.656717070552254,故人_2024
1252,2024-11-16 08:29:49,步行,武汉市汉阳区,7.579134397307118,1.66,646.3603902482769,zs_9963983
1253,2024-11-17 08:25:05,未知类型,武汉市汉阳区,7.475517196373488,1.59,644.898681640625,野花
1254,2024-11-17 08:25:05,未知类型,武汉市汉阳区,7.475517196373488,1.59,644.898681640625,野花
1255,2024-11-16 08:30:12,步行,武汉市汉阳区,7.48915598544085,1.47,655.281494140625,
1256,2024-11-16 08:31:22,步行,武汉市汉阳区,8.138860913133907,1.54,651.8777821719789,洛冰0115
1257,0,未知类型,武汉市汉阳区,0,0,0,匿名
1258,0,未知类型,武汉市汉阳区,0,0,0,匿名
1259,2024-11-27 16:40:11,未知类型,武汉市汉阳区,8.584951913930592,2.65,67.74010190928672,炜行山野
1260,2024-11-27 16:40:11,未知类型,武汉市汉阳区,8.584951913930592,2.65,67.74010190928672,炜行山野
1261,2024-12-24 08:55:23,步行,武汉市汉阳区,5.514382607223877,4.47,14.684284411791877,颜鹏_LBL6333696
1262,2024-12-24 08:55:23,步行,武汉市汉阳区,5.514382607223877,4.47,14.684284411791877,颜鹏_LBL6333696
1263,2024-12-15 10:11:38,步行,武汉市汉阳区,1.2133530127624674,0.48,41.15188359792586,zzq_LBL3058921
1264,114.24787,未知类型,武汉市汉阳区,0,0,0,30.55903847
1265,2024-10-22 16:19:36,步行,武汉市汉阳区,0.38798784193715263,0.05,22.4151515440387,hy_LBL6541551
1266,2024-10-22 16:19:36,步行,武汉市汉阳区,0.38798784193715263,0.05,22.4151515440387,hy_LBL6541551
1267,0,未知类型,武汉市汉阳区,0,0,0,匿名
1268,0,未知类型,武汉市汉阳区,0,0,0,匿名
1269,0,未知类型,武汉市汉阳区,0,0,0,匿名
1270,0,未知类型,武汉市汉阳区,0,0,0,匿名
1271,2024-09-06 19:15:53,步行,武汉市汉阳区,13.687821936564184,3.04,93.68005573828543,法外の狂徒
1272,2024-09-06 19:15:53,步行,武汉市汉阳区,13.687821936564184,3.04,93.68005573828543,法外の狂徒
1273,2024-10-22 11:40:58,步行,武汉市汉阳区,4.386965554424555,0.47,30.78083801980747,zs_6257276
1274,2024-10-22 11:40:58,步行,武汉市汉阳区,4.386965554424555,0.47,30.78083801980747,zs_6257276
1275,2024-10-22 11:40:58,步行,武汉市汉阳区,4.386965554424555,0.47,30.78083801980747,zs_6257276
1276,2024-10-22 13:49:06,步行,武汉市汉阳区,3.330221298936454,0.24,33.81631816616055,zs_6257276
1277,2024-10-22 13:49:06,步行,武汉市汉阳区,3.330221298936454,0.24,33.81631816616055,zs_6257276
1278,0,未知类型,武汉市汉阳区,0,0,0,匿名
1279,0,未知类型,武汉市汉阳区,0,0,0,匿名
1280,2024-06-17 19:12:36,步行,武汉市汉阳区,11.799138652603055,2.32,53.22192470722784,LBL_0942942
1281,0,未知类型,武汉市汉阳区,0,0,0,匿名
1282,0,未知类型,武汉市汉阳区,0,0,0,匿名
1283,2024-01-28 09:21:49,步行,武汉市汉阳区,16.725158969504882,6.62,74.1436019491108,半个秀才
1284,2025-03-07 12:22:52,步行,武汉市汉阳区,5.754555714497322,0.7,85.041728792798,良友哥
1285,2024-06-10 10:44:47,步行,武汉市汉阳区,35.75598020958556,6.8,52.23642979126078,法外の狂徒
1286,2023-10-25 19:15:51,步行,武汉市汉阳区,6.664592273891707,1.11,47.728621812511825,良友
1287,2023-10-18 18:46:45,步行,武汉市汉阳区,10.202652465206594,1.99,45.468368764025065,良友
1288,2024-11-02 14:00:05,步行,武汉市汉阳区,27.61273341134236,3.63,31.34275153536661,良友哥
1289,2024-11-02 14:00:05,步行,武汉市汉阳区,27.61273341134236,3.63,31.34275153536661,良友哥
1290,2024-11-02 14:00:05,步行,武汉市汉阳区,27.61273341134236,3.63,31.34275153536661,良友哥
1291,2024-11-02 14:00:05,步行,武汉市汉阳区,27.61273341134236,3.63,31.34275153536661,良友哥
1292,2024-11-02 14:00:05,步行,武汉市汉阳区,27.61273341134236,3.63,31.34275153536661,良友哥
1293,2025-04-24 12:49:21,未知类型,武汉市汉阳区,6.194018533054626,0.69,48.0,良友哥
1294,0,未知类型,武汉市汉阳区,0,0,0,匿名
1295,0,未知类型,武汉市汉阳区,0,0,0,匿名
1296,0,未知类型,武汉市汉阳区,0,0,0,匿名
1297,0,未知类型,武汉市汉阳区,0,0,0,匿名
1298,0,未知类型,武汉市汉阳区,0,0,0,匿名
1299,0,未知类型,武汉市汉阳区,0,0,0,匿名
1300,0,未知类型,武汉市汉阳区,0,0,0,匿名
1301,0,未知类型,武汉市汉阳区,0,0,0,匿名
1302,0,未知类型,武汉市汉阳区,0,0,0,匿名
1303,2024-11-10 10:12:03,未知类型,武汉市汉阳区,18.199456930878647,6.33,225.71372552210826,炜行山野
1304,2024-11-10 10:12:03,未知类型,武汉市汉阳区,18.199456930878647,6.33,225.71372552210826,炜行山野
1305,2024-11-10 10:12:03,未知类型,武汉市汉阳区,18.199456930878647,6.33,225.71372552210826,炜行山野
1306,0,未知类型,武汉市汉阳区,0,0,0,匿名
1307,0,未知类型,武汉市汉阳区,0,0,0,匿名
1308,0,未知类型,武汉市汉阳区,0,0,0,匿名
1309,2024-12-15 09:32:08,步行,武汉市汉阳区,1.435535911520588,0.45,30.88482965639,zzq_LBL3058921
1310,0,未知类型,武汉市汉阳区,0,0,0,匿名
1311,0,未知类型,武汉市汉阳区,0,0,0,匿名
1312,0,未知类型,武汉市汉阳区,0,0,0,匿名
1313,0,未知类型,武汉市汉阳区,0,0,0,匿名
1314,0,未知类型,武汉市汉阳区,0,0,0,匿名
1315,0,未知类型,武汉市汉阳区,0,0,0,匿名
1316,2024-03-08 13:53:58,步行,武汉市汉阳区,3.30381017898554,1.06,27.371187143435662,姚路（团建，拓展，运动会）
1317,2024-03-25 17:10:17,步行,武汉市汉阳区,0.9746325802486734,0.28,81.143798828125,
1318,2024-07-24 18:05:44,步行,武汉市汉阳区,7.687497508522196,2.58,28.55111694221285,城市留痕
1319,2024-07-24 18:05:44,步行,武汉市汉阳区,7.755238104885822,2.7,28.55111694221285,城市留痕
1320,2024-07-24 18:05:44,步行,武汉市汉阳区,7.687497508522196,2.58,28.55111694221285,城市留痕
1321,2024-07-24 18:05:44,步行,武汉市汉阳区,7.755238104885822,2.7,28.55111694221285,城市留痕
1322,2024-03-25 17:27:20,步行,武汉市汉阳区,7.064446971882222,2.35,49.978343786614616,
1323,2024-07-24 20:40:36,步行,武汉市汉阳区,17.37390185430775,1.15,35.303078148322726,城市留痕
1324,2024-07-24 20:47:50,步行,武汉市汉阳区,17.30605203364562,1.03,35.303078148322726,城市留痕
1325,2024-07-24 20:40:36,步行,武汉市汉阳区,17.37390185430775,1.15,35.303078148322726,城市留痕
1326,2024-07-24 20:47:50,步行,武汉市汉阳区,17.30605203364562,1.03,35.303078148322726,城市留痕
1327,2025-02-09 11:01:50,步行,武汉市汉阳区,4.920182022280291,2.36,498.0,如意自在
1,,步行,武汉市汉阳区,9.298295649081108,0,,isas
2,2024-04-03 14:35:49,步行,武汉市汉阳区,6.058187297773847,0.23,32.18829468594267,穿山豹
3,2024-12-20 10:11:32,步行,武汉市汉阳区,72.1334253613265,51.5,3044.1926662859064,DC00
4,0,未知类型,武汉市汉阳区,0,0,0,匿名
